<?xml version="1.0" encoding="UTF-8"?>
<page xmlns="https://mobile-content-api.cru.org/xmlns/tract" xmlns:content="https://mobile-content-api.cru.org/xmlns/content" background-image="04_picktool.jpg">
   
     <hero>
        <heading>
            <content:text i18n-id="1805b08e-3baf-4991-a1a9-9dfc5d73c782" text-scale="1.3" text-color="rgba(90,90,90,1)">Which tool should I use?</content:text>
        </heading>
         <content:paragraph>
                <content:text i18n-id="90339f42-a893-4f95-8505-caa83f42670f">GodTools has different tools for different purposes. Five of the tools are specifically designed to share the gospel. Below you'll find a bit more information on each one. 

Choose one and become familiar with it. </content:text>
            </content:paragraph>
    </hero>
    <cards>
        <card>
            <label>
                <content:text i18n-id="36563594-d7ad-42f8-ad48-4a1e2dbb9dde" text-color="rgba(59,164,219,1)">Knowing God Personally</content:text>
            </label>
            <content:paragraph>
                <content:text i18n-id="3f455cbf-8a0e-4eeb-9c3a-6ee7ac1035c3">This tool has original artwork that illustrates 4 main points of the gospel message. The language and tone is informal.  </content:text>
            </content:paragraph>
            <content:paragraph>
  <content:image resource="kgp.png" restrictTo="mobile"/>
</content:paragraph>
        </card>
        <card>
            <label>
                <content:text i18n-id="c8792e4b-d68a-4c70-b00f-e045f82962f5" text-color="rgba(59,164,219,1)">Four Spiritual Laws</content:text>
            </label>
            <content:paragraph>
                <content:text i18n-id="1ece60ff-ca51-46f5-9102-718d75f360ab">This is the original gospel sharing tool that Cru developed. It has been updated with red, yellow, black, green, and blue watercolor images. </content:text>
            </content:paragraph>
              <content:paragraph>
                <content:text i18n-id="06b36b13-2bc8-4445-9d7e-f77eb048001a">The idea is that just as there are physical laws like gravity, there are spiritual laws. </content:text>
            </content:paragraph>
             <content:paragraph>
  <content:image resource="fsl.png" restrictTo="mobile"/>
</content:paragraph>
        </card>
<card>
            <label>
                <content:text i18n-id="cf7c276b-9f17-4124-89ba-96f952f0b9a5" text-color="rgba(59,164,219,1)">THE FOUR</content:text>
            </label>
            <content:paragraph>
                <content:text i18n-id="a3748f52-ac5a-4007-a9f3-e5f1846b8a07">This tool was developed in Europe. It uses 4 symbols (Heart, Division, Cross and Question Mark) to illustrate the gospel message in a visual, memorable way. 

It has the fewest words. 

Videos of the message are available on the four.com</content:text>
            </content:paragraph>
             <content:paragraph>
  <content:image resource="thefour.png" restrictTo="mobile"/>
</content:paragraph>
        </card>
<card>
            <label>
                <content:text i18n-id="e80bbc35-ce8d-40cb-af6e-ef83dee030f1" text-color="rgba(59,164,219,1)">Know God Personally</content:text>
            </label>
            <content:paragraph>
                <content:text i18n-id="241ca1a4-2bd2-4dff-b0fa-00d03539947b">This tool was developed in the United States. The content is most similar to the Four Spiritual Laws but was updated to emphasize a relationship with God. It uses photographs instead of hand drawn images. 

It has the fewest translations available.</content:text>
            </content:paragraph>
             <content:paragraph>
  <content:image resource="kgpus.png" restrictTo="mobile"/>
</content:paragraph>
        </card>
<card>
            <label>
                <content:text i18n-id="9875463c-279a-4f53-9a14-1b1eea8725b3" text-color="rgba(59,164,219,1)">Honor Restored</content:text>
            </label>
           <content:paragraph>
                <content:text i18n-id="48fa95f0-adf0-4d51-8561-6bca7cb69b12">This tool was created in 2017 using a shame honor context. Simple stick figures capture the feelings of shame, isolation, and restoration. It connects well with people from shame based cultures. </content:text>
            </content:paragraph>
             <content:paragraph>
  <content:image resource="honor.png" restrictTo="mobile"/>
</content:paragraph>
        </card>

    </cards>
     <call-to-action control-color="rgba(90,90,90,1)">
        <content:text i18n-id="9c3844f0-570d-4091-be8a-fec2b9904afa">I've got my tool!</content:text>
    </call-to-action>
   
</page>
