<?xml version="1.0" encoding="UTF-8"?>
<page xmlns="https://mobile-content-api.cru.org/xmlns/tract" xmlns:content="https://mobile-content-api.cru.org/xmlns/content" background-image="6.1_anythingelse.jpg">
   
     <hero>
        <heading>
            <content:text i18n-id="7703f965-7dfa-45aa-89d1-5aecef25453a" text-scale="1.3" text-color="rgba(90,90,90,1)">Anything else I need to know?</content:text>
        </heading>
         <content:paragraph>
                <content:text i18n-id="11108ef8-42a2-4488-8781-3e6e65abb01c">Knowing how GodTools works ahead of time will free you up to focus on your conversation. Here are a few tips so you can use the app effectively. </content:text>
            </content:paragraph>
    </hero>
    <cards>
        <card>
            <label>
                <content:text i18n-id="c9dea7c9-d159-4373-8d4e-46b5351e59ae" text-color="rgba(59,164,219,1)">Languages</content:text>
            </label>
            <content:paragraph>
                <content:text i18n-id="47684452-deca-4dc3-ae1e-c59519834727">GodTools enables you to share with someone who speaks another language by toggling between the two languages inside a tool!  </content:text>
            </content:paragraph>
            <content:paragraph>
  <content:text i18n-id="c67552c8-0fc2-48d4-9244-eb075f487ff9">On the home screen, press the language icon in the upper right hand corner to access the language setting screen. </content:text>
</content:paragraph>
<content:paragraph>
  <content:text i18n-id="2a04b434-a9c1-4b83-a670-e0298360f34f">Set your primary language.

Set a secondary (parallel) language and head back to the home screen.</content:text>
</content:paragraph>
<content:paragraph>
  <content:text i18n-id="1f7fa1bf-ad54-4a83-bd05-34fc5749a8e1">Look for a tool that has been translated into both languages.</content:text>
</content:paragraph>
<content:paragraph>
  <content:text i18n-id="d462b2b2-27f5-4861-8bb0-2f2d01ef5803">For example, in the image below, you’ll see that only two tools have both the English and Dutch translations. So, if you are sharing with someone who speaks Dutch, you’ll want to use either The Four Spiritual Laws or THE FOUR. Once inside the tool, you’ll see the option to toggle between the languages. </content:text>
</content:paragraph>
<content:paragraph>
  <content:image resource="example1.png" restrictTo="mobile"/>
</content:paragraph>
        </card>
        <card>
            <label>
                <content:text i18n-id="2bf349a0-325a-4b57-8410-6239e4ebc6bb" text-color="rgba(59,164,219,1)">Navigation</content:text>
            </label>
            <content:paragraph>
                <content:text i18n-id="2be22a3e-c12b-4f48-a577-70e414ad157b">Swipe left and right to transition between screens. </content:text>
            </content:paragraph>
            <content:paragraph>
                <content:text i18n-id="8199e552-642d-4bb4-818b-b051cfcd99a6">Use a swiping motion anywhere on the card to move between cards. Or, you can tap the title of each card to open and close. </content:text>
            </content:paragraph>
              <content:paragraph>
                <content:text i18n-id="1c1b5cb0-e1df-48bc-9cf5-97862bfffcd5">Be aware that some cards contain more content and are scrollable. </content:text>
            </content:paragraph>
            <content:paragraph>
  <content:image resource="swipeup2.png" restrictTo="mobile"/>
</content:paragraph>
        </card>
<card>
            <label>
                <content:text i18n-id="b5bd7d3f-f294-42e9-b8d5-5a78263268e8" text-color="rgba(59,164,219,1)">Share a link</content:text>
            </label>
            <content:paragraph>
                <content:text i18n-id="6be0916e-c31a-4809-89df-c332c62bf742">Whenever you go through a tool with someone, give them a chance to view it later by sharing a link with them. Ask if you can send them a link by text or email. From inside a tool, just hit the share icon in the top right hand corner and a screen will pop up that will allow you to share it with them. This will send them a link to a web app called knowgod.com with the same content and in the same place where you left off. </content:text>
            </content:paragraph>
            <content:paragraph>
                <content:text i18n-id="7a735a86-f0bb-48bb-bfc5-f227633bf819">You can share a link to download the app from behind the menu on the home screen.</content:text>
            </content:paragraph>
            <content:paragraph>
                <content:image resource="Group_3newicon.png" restrictTo="mobile"/>
            </content:paragraph>

        </card>
<card>
            <label>
                <content:text i18n-id="0025d21c-a4c1-464f-a75c-dd05ae1705be" text-color="rgba(59,164,219,1)">Follow Up</content:text>
            </label>
            <content:paragraph>
                <content:text i18n-id="480fd594-203a-4ea7-bef4-dfe97e46b575">On the last screen of every tool, there is a link for additional resources. </content:text>
            </content:paragraph>
            <content:paragraph>
                <content:text i18n-id="e7af8446-136c-4fd4-9f3f-9aadaff64bed">In some of the tools, there is an opportunity to sign up for follow up after someone indicates a desire to trust Christ. Look for it behind a card that says “Did you pray this prayer?” This is where someone can input their email address to sign up for a free follow up email series that comes from Startingwithgod.com. You can sign up if you'd like to try it for yourself. </content:text>
            </content:paragraph>
            <content:paragraph>
                <content:image resource="didyoupraythisprayernewscreen.png" restrictTo="mobile"/>
                </content:paragraph>
        </card>
    </cards>
     <call-to-action control-color="rgba(90,90,90,1)">
        <content:text i18n-id="81ae037a-0b8c-4015-9677-f26955507d90">I'm ready!</content:text>
    </call-to-action>
   
</page>
