<?xml version="1.0"?>
<manifest xmlns="https://mobile-content-api.cru.org/xmlns/manifest" xmlns:content="https://mobile-content-api.cru.org/xmlns/content" text-color="rgba(90,90,90,1)" primary-color="rgba(0,114,147,0)" navbar-color="rgba(0,0,0,0.25)" navbar-control-color="rgba(255,255,255,1)" tool="teachmetoshare" locale="en" type="tract">
<title>
<content:text i18n-id="name">Teach Me to Share</content:text>
</title>
<pages><page filename="0_introscreen.xml" src="d2d50f550b8fc36b557b04f927ad24cafb9e648bd20f9e126cdba0ebc40c42e9.xml"/><page filename="01_howtoshare.xml" src="4ec1ff4055f8ec13961c70c608422dc960f633bde3ebfe7b31196a8e70660141.xml"/><page filename="02_begin.xml" src="3f86e11ee2ad2c54198e1f090c97186c4f7094a0660beb4d30a30c7f86b1976b.xml"/><page filename="03_Transition.xml" src="b263dc2e4e6daab80ac75fdc39e5bcb19c033e9919d7f36e4cfb59a024d0432f.xml"/><page filename="04_Picktool.xml" src="5329e9e0c7d1a5457e851e9bf340eae1cdc337cb5f1e1e066a4769acb7c2c991.xml"/><page filename="05_keepinmind.xml" src="456cc50b2765d53ac2a1ec2b234b6fcde52c9051980382471db62b796055e4a4.xml"/><page filename="06_anythingelse.xml" src="9731a83fd81dbb22658f7626ee630eabfaa6623b69ae67f66fe24c9567fe6d8f.xml"/><page filename="07_ready.xml" src="cb989a6ae20f9d5da20a73a0d11068fe7a63bd3490c6139e389be205f3afbccd.xml"/></pages><resources><resource filename="7.0_ready.jpg" src="128a74726131b15e794cd5a9313fcf5aa6beaa427d83be0071fa8c3320912e4b"/><resource filename="1.0_howdoishare.jpg" src="8f460c5a570502fe54fd4ebc1c75e54a8e8348d5949c2649fd7c52831f3aa781"/><resource filename="cover1.jpg" src="6a68f43e6ed5b5b716ff06bc7a7d369f38d494930da68168c08cc06e08c8bc3c"/><resource filename="6.1_anythingelse.jpg" src="4a4f48b95b928e5bc9c2c62475dd5fe5f46eb68dc874e3153f2be3d71df6d648"/><resource filename="5.0_Keepinmind.jpg" src="ebba8efdf11751c82102285bb4b60bca1062273c8f6b73c71a0ed5d9a75ed229"/><resource filename="swipeup2.png" src="6d9741ceef1c643d624a4a7e2c7cd89ab30fedf7895b232f297a1578d22a3f95"/><resource filename="example1.png" src="077ad0228ffe5b149d3fad05152f17da3f24d902e741fca5c9f7cdacb1f9e6b4"/><resource filename="Group_3newicon.png" src="cd2f9d83cc3d675b2d5722e82dbd20e1fb97095b06e4a31d567fc58b70a0114c"/><resource filename="didyoupraythisprayernewscreen.png" src="bcacbc23942aa35e935f9c7e842d3eb0ce16e2cc195239bde9af7024ef132e02"/><resource filename="2.0.png" src="dc0f252eb22528ed6c44d1c0e480825318aadf64b55f04703a8f1dfaa313481c"/><resource filename="3.0transition.png" src="43c0f36fa863acc76995457b8f445932d3acf02ac8b6f7a24d93752f9383d37e"/><resource filename="04_picktool.jpg" src="8dc1c47b8dac8c8463e3228a7996718c0f42c6e2c6e75be65e5dc1e9c8e0ea7d"/><resource filename="0.0_Intro.jpg" src="e05db810fce7d551c1bf9b4337914201a8839e02fae69c21ae9c20e60778d765"/><resource filename="kgp.png" src="5ae171022b02ad7cd19216fd000a2642bce38b3b5a96b0b8d5abeb5c93686bfb"/><resource filename="kgpus.png" src="13ce78cc4c652cf546e716b5ff440931dfe07eb56848111143a93569ce487874"/><resource filename="honor.png" src="fde8750168bfe36e57c35dcb9ddbb08bb16bc152d19be958d488ee0ef3a3a793"/><resource filename="fsl.png" src="2fe9db27ea915e9ebd19e481d230b8b875961f008236d083040ae91da1f52521"/><resource filename="thefour.png" src="e71091e6e9eb6589af771a55808c95afe9e74c6e227e73361ba51162fcbc5d7f"/></resources></manifest>
