<?xml version="1.0" encoding="UTF-8"?>
<page xmlns="https://mobile-content-api.cru.org/xmlns/tract" xmlns:content="https://mobile-content-api.cru.org/xmlns/content" background-image="7.0_ready.jpg">
    <hero>
        <heading>
            <content:text i18n-id="5b289aaa-a130-4782-b5e4-9c1132e48bc2" text-scale="1.3" text-color="rgba(90,90,90,1)">You're ready to share!</content:text>
        </heading>
 <content:paragraph>
                <content:text i18n-id="e9e8d09c-836f-4798-b01b-8f0e5aa8bc78">Why not try it today?</content:text>
            </content:paragraph>
            <content:paragraph>
                <content:text i18n-id="d15da33d-5392-4910-9152-0a462920ffb4">Let us know how it goes: support@godtoolsapp.com</content:text>
            </content:paragraph>
            <content:paragraph>
                <content:text i18n-id="f7dfb798-dffc-4329-a083-28ea3d618755">"How beautiful are the feet of those who bring good news!" (Romans 10:15)</content:text>
            </content:paragraph>
    </hero>
   
</page>
