<?xml version="1.0" encoding="UTF-8"?>
<page xmlns="https://mobile-content-api.cru.org/xmlns/tract" xmlns:content="https://mobile-content-api.cru.org/xmlns/content" background-image="0.0_Intro.jpg">
    <hero>
        <heading>
            <content:text i18n-id="f2ef2f8b-e2c2-4dea-9495-42100bbc52a7" text-scale="1.3" text-color="rgba(255,255,255,1)">How do I share my faith? </content:text>
        </heading>

    </hero>
    <call-to-action control-color="rgba(255,255,255,1)">
		<content:text/>
	</call-to-action>
</page>
