<?xml version="1.0" encoding="UTF-8"?><page buttons="6" color="#D95E00" tnt-trx-ref-value="" tnt-trx-translated="" translate="" watermark="7332eeca6be3275ed2ef9340c3dab5816f8b88e7.png">
  <title>
    <heading gtapi-trx-id="b6949652-efbd-447f-aa62-fd9cb87d2e46" size="85" translate="true" w="262" x="20">SPECIAL MATERIALS ARE AVAILABLE FOR CHRISTIAN GROWTH</heading>
    <peekpanel gtapi-trx-id="80356d92-6553-4291-9464-c7542bbbbb30" size="96" textalign="right" translate="true" w="260">If you have come to know Christ personally through this presentation of the gospel or would like further help in getting to know Christ better, these sites are recommended:</peekpanel>
  </title>
  <button gtapi-trx-id="b3c11ca8-82f0-4176-8000-a73f80ab3303" mode="url" translate="true">www.startingwithGod.com</button>
  <button gtapi-trx-id="ae643d40-90ac-44d3-bba0-d27c285508e5" mode="url" translate="true">www.everystudent.com</button>
</page>