<?xml version="1.0"?>
<manifest xmlns="https://mobile-content-api.cru.org/xmlns/manifest" xmlns:content="https://mobile-content-api.cru.org/xmlns/content" primary-color="rgba(0,0,0,0.7)" primary-text-color="rgba(255,255,255,1)" text-color="rgba(90,90,90,1)" navbar-color="rgba(0,0,0,0.3)" navbar-control-color="rgba(255,255,255,1)" tool="fourlaws" locale="en" type="tract">
    <title>
        <content:text i18n-id="9b0a0889-898e-4e90-a32c-0e20cde215dd">Four Spiritual Laws</content:text>
    </title>
<pages><page filename="01_Home.xml" src="c3ed233833733bee35f43218b936c4efd85eedc3bf0e166ceb2c7ffb0bfa3275.xml"/><page filename="02_FirstPoint.xml" src="cc6c4dc3447682c34b0cfe87417a476896ee0249b3550034c8e708e74c5d2558.xml"/><page filename="03_SecondPoint.xml" src="e276a367e6b0fba6e7f6959b38129ff05c8113f2e6a2ab7cf64967512c49eef8.xml"/><page filename="04_ThirdPoint.xml" src="04de091cfc77a81eea185f684bb122c7ff22fc88338df6c67fc7ecb8d24a5d7f.xml"/><page filename="05_FourthPoint.xml" src="f902e063d7c200d6c35871f26e5a4e12749dcfa978663a8d5e5d6737cfe6448c.xml"/><page filename="06_TwoCircles.xml" src="d288d9b945c9ce488b70a0d751302e064ea65d986d0e3c3702782e417e61bfec.xml"/><page filename="07_SuggestedPrayer.xml" src="de7938f5e5e0d5490f41f5c6f266cdda2feddde2c6f376476f056d4fd17350cc.xml"/><page filename="08_HowCanYouBeSure.xml" src="e4c2f35948c08b479ace8e45dbf30adcbb936c6395214f50e36915857105da08.xml"/><page filename="09_WhatHappens.xml" src="64816eec5440699960b7ef79da708f85f23f8d12216f548e3b2fd853572c429a.xml"/><page filename="10_HowToGrow.xml" src="78eed0f58274c802d04512bdf7256fcb25defc5b1e430b987cca9f60e8d3f379.xml"/><page filename="10b_ChurchFellowship.xml" src="f64aab5bbe2596ce1e971862b77866a6a00f83bb330091cb1e356a9139a88cfd.xml"/><page filename="11_FinalPage.xml" src="a8236acc2c813ab6dff87dbc558807573dde4bd3af803c68bf31c7466a66e874.xml"/></pages><resources><resource filename="laws-tract-bkg-image-8.jpg" src="fedd51055ce5ca6351d19f781601eb94192915597b4b023172acaab4fac04794"/><resource filename="laws-tract-bkg-image-1.jpg" src="1141677806e0a16b5ba6c1ad1d2fe9b6d55f8b04026b5e143c86391db67bf1ea"/><resource filename="laws-tract-bkg-image-2.jpg" src="3c93d006591cf6bd7ae6a271e793e7e4bb6ae05bba7a542b890da9aa843779f3"/><resource filename="laws-tract-bkg-image-3.jpg" src="b345284ce389a5d80c53b91afcc6d16d66f742e7128ee4a99065c48e98df4f0e"/><resource filename="laws-tract-bkg-image-4.jpg" src="a04c3da9760149fedd96f1a82b5b3113159a110f0750687de11956d773a7bb27"/><resource filename="laws-tract-bkg-image-4b.jpg" src="25f96c770f21afe142a9a8317c5a2c08629acc7ff373090616a6fd2c21e12f6e"/><resource filename="laws-tract-bkg-image-5.jpg" src="157e1820bb23d20cbb169902b41ae556c0684e7d7f7769373dc398ebe868d7ee"/><resource filename="laws-tract-bkg-image-5b.jpg" src="343495cd09ef4c161d0a6555a41f2b120269f63e6843de834da063dcdefb2480"/><resource filename="laws-tract-bkg-image-6.jpg" src="99ddb3b2b32446a8fe86476fdc8f4aad5a3491e864374ae66b1f8597129c5fd8"/><resource filename="laws-tract-bkg-image-7.jpg" src="8f0a5d2a8499ebac05eb7cdc96f2e666736d6e0ec50318f8f28e540e4a7bcedf"/><resource filename="laws-christ-directed-life.png" src="a9bcd4bafa3c3b370c65aca5a0e108dd1b69b5783a21c4271bd124aeb733fcbc"/><resource filename="laws-do-not-depend-on-feelings.png" src="1312e2c6565051b4218b58a54bf184d010e92a5c2bbe4a717d4403346fd39225"/><resource filename="laws-he-is-the-only-way-to-god-person.png" src="4b34d6c823a65b1e3816b5de457bfc97e43ac37a496a8ad965a803af75de0665"/><resource filename="laws-man-is-separated-person.png" src="d9d738d45c9d76c70f5fd57dca60db25ba86abe0330e003ab46af41a022d0ba8"/><resource filename="laws-self-directed-life.png" src="475689a7ca5a21f44a61e130cf6bc78d302d563cc9fb6fb285ce839073331203"/><resource filename="generic-divider-grey.png" src="035136f7e8579926e5e2acca5fc93843abe3600a1423bb1ce9639099e4f08aa2"/><resource filename="kgp-lamb-kyrgyz-1.png" src="e0a22ca595c7d8cc96c24b55d461717f495b6bde76a5302fc68c2c6e2d41454c"/><resource filename="kgp-lamb-kyrgyz-2.png" src="e13498c6be37124c61335c6b7f3d698df002cd7201571e2bcc123192baec808c"/><resource filename="kgp-lamb-kazakh-1.png" src="5b2edb3482f26009d6da13a59d5dc59b2ce1456634de0050f1b230749d4a3010"/><resource filename="kgp-lamb-kazakh-2.png" src="0927030514154a4d0eb7bc6dce31147b0cb65fcc41a9a772bdc0f5062383f413"/><resource filename="kgp-graphic-god-proves-his-love-person-small.jpg" src="9cfd6e11abbe23c6aef91e54cb30e882f01dd19ad12de543004e1e87ad632b66"/><resource filename="kgp-graphic-sin-has-consequences-graphic-person-small.jpg" src="281afc1fdb71befed204181814fbc6dffaef12920e54b9b2177143e3cb809a5c"/><resource filename="kgp-lamb-central-asian-russian-1.png" src="297c90c91c39b90f53cd662312063aa125ed9410eb6bfc56189542b8288bdfd1"/><resource filename="kgp-lamb-central-asian-russian-2.png" src="1d09fc87db959cfefade901a2455423669ee3ff6d20632337162a52ab272aea1"/><resource filename="kgp-lamb-turkish-1.png" src="e7232c6052222da764de8cb3365b624552e823b05fde013fc75a68f56dfb98b9"/><resource filename="kgp-lamb-turkish-2.png" src="a865d6171d33d854aeab08347d12ffeb73bb1cc40e18df63c617f009908aadb4"/><resource filename="kgp-lamb-turkish-2t.png" src="8fb13310fb2a69af4c02bc25c7f3a9da7ff9b785c2c8c1e8fe778e5ca67bf938"/><resource filename="kgp-feelingfaithfact-english.png" src="f30e8888c638f9a98d3645c79e75a7d7c34b1081594e5da6f767082c5d08a668"/><resource filename="4sl-point-2-arabic.png" src="79711aaed482041f58557dd068bde57154d75a5a3b9c74c11c1554ad0be84495"/><resource filename="kgp-feelingfaithfact-arabic-alt-2.png" src="4f718b03be2d4dad07520758662d0914d4867959de94bf96f91e34a90694f821"/><resource filename="Group2.png" src="13d5182147db39341d18b8233e8e4e2902f572c8f1237bf5629f23123c4a556a"/><resource filename="4SL-point-1_arabic.png" src="ce8ac915a0d6410f0189444f36ff8794cab5ef89c448657288571fc0ca320df8"/><resource filename="4sl-point-4d.png" src="334ccb5462fb667c86d7e19f1203866f620473f0e2ea81ae8001f7bb64922d41"/><resource filename="kgp-lamb-arabic-alt-2.png" src="9bef3ee66cf19371c51271ff645501c2c928ff01a42ca441626565af30402194"/><resource filename="kgp-jesus-died-in-our-place.png" src="f757d1d887e82c4a8d95d64286747f2b05a404c68122a4c0e6c12c657d5dcc19"/><resource filename="kgp-point-4d.png" src="59d774cdaf753b6019b6a244928864327d4672fae74eba2842714d090e32a5ed"/><resource filename="kgp-lamb-arabic-alt-1.png" src="490d672220908c44f543b031f6928342b82fa81a3080070b7bf301edca4b6071"/><resource filename="kgp-prayer.png" src="70393f3eed0b347763ef0afefcec343c300b1db8aaa9922f04cbdb40a4909316"/></resources></manifest>
