<?xml version="1.0" encoding="UTF-8"?>
<page xmlns="https://mobile-content-api.cru.org/xmlns/tract" xmlns:content="https://mobile-content-api.cru.org/xmlns/content" background-image="laws-tract-bkg-image-7.jpg">
    <hero>
        <heading>
            <content:text i18n-id="15bbe563-7469-4f41-900a-dd1e438b034b" text-scale="1.2" text-color="rgba(90,90,90,1)">Fellowship in a good church</content:text>
        </heading>
         <content:paragraph>
        <content:image resource="Web-Green-laws-tract-bkg-image.png" restrictTo="web"/>
    </content:paragraph>
		<content:paragraph>
			<content:text i18n-id="9c196e7c-7cfe-4b3a-892d-3db23bb024a4">God's Word instructs us not to forsake "the assembling of ourselves together" (Hebrews 10:25).  Several logs burn brightly together, but put one aside on the cold hearth and the fire goes out.  So it is with your relationship with other Christians.</content:text>
			<content:text i18n-id="e735a5c3-f155-4255-82d6-dce217ad1d85">If you do not belong to a  church, do not wait to be invited.  Take the initiative; call the pastor of a nearby church where Christ is honored and His Word is preached.  Start this week, and make plans to attend regularly.</content:text>
        </content:paragraph>
       
    </hero>
 
	<call-to-action>
		<content:text/>
	</call-to-action>
</page>
