<?xml version="1.0" encoding="UTF-8"?><document lang="en">
  <packagename gtapi-trx-id="9b0a0889-898e-4e90-a32c-0e20cde215dd" translate="true">The Four Spiritual Laws</packagename>
  <page filename="6191d283-2545-4318-803b-d982892060d7.xml" gtapi-trx-id="6dbd0b2e-50c6-4a38-998a-1265bd5fa6d4" thumb="ef4a564c7f49b0aec7692e28e117121f9d5e0af8.png" translate="true">Home</page>
  <page filename="8276b84a-b52c-4dd9-8063-dc3da628bc10.xml" gtapi-trx-id="5c90a4e3-d317-475a-b365-5ba09e04547b" thumb="cad3037541c4f2deae7e8a90d2264139470a2fd9.png" translate="true">1 God Loves You And Created You To Know Him Personally.</page>
  <page filename="3114b3e3-b618-4a27-a7c5-18b49c566310.xml" gtapi-trx-id="e8b707be-9093-4657-ace0-29dcbaaba443" thumb="a397e6de389233649880b9ceea3eb1f9afcb667f.png" translate="true">2 We Are Separated From God By Our Sin, So We Cannot Know Him Or Experience His Love.</page>
  <page filename="b7b53953-d403-4c5e-9ce7-73db7bebf208.xml" gtapi-trx-id="08b4e112-68fd-484d-aa80-8de606bcdb59" thumb="96e086d3d7d9a4cc170ad3dfbafc5eda93cbf15b.png" translate="true">3 Jesus Is God's Only Solution For Our Sin. Only Through Him Can We Know God And Receive His Love And Forgiveness.</page>
  <page filename="88e4b32a-e6de-409d-a57b-a5a5b9378786.xml" gtapi-trx-id="e33e8e40-6155-42e6-a4b5-ae7764584bf0" thumb="b2c14cce4518a251c072283a1226d7d176d575e4.png" translate="true">4 We Must Each Respond To Jesus By Placing Our Trust In Him As Our Saviour And Lord. Only Then Can We Know God Personally.</page>
  <page filename="0f2b4272-98a4-43d7-8cc2-c9c035f15272.xml" gtapi-trx-id="6c8588e2-9bed-4ac7-8d42-302de786321f" thumb="65f1140cd59a6195d9954711565db4094f1b33ab.png" translate="true">These Circles Describe Two Types Of People</page>
  <page filename="eba42986-7549-4ba5-9cb2-4afd71a6983a.xml" gtapi-trx-id="3fa3553e-d848-4507-a938-566967a4e35a" listeners="prayer-page-not-today" thumb="9c7f716a36e1fc750c803ec14fdfd14713b2ad58.png" translate="true">You Can Express Your Attitude Toward God Through Prayer.</page>
  <page filename="84414146-f7f4-4ba1-8d21-ca42f5b909a4.xml" gtapi-trx-id="8776af21-3965-4375-a945-7ae7fbda2495" listeners="follow-up-no-thanks,follow-up-thank-you-done" thumb="e5c0e26f312fdad92d03f5838d429eaecbc09fb4.png" translate="true">How Can You Be Sure That All This Has Really Happened?</page>
  <page filename="215f45d3-31a0-46d1-9b82-f0b7c825d046.xml" gtapi-trx-id="708706b4-b8f5-4bcd-b59c-a2f4d9482be8" thumb="5d30e1a50c09f61b53435d6480678acc9256da17.png" translate="true">If You Asked Jesus Into Your Life As Saviour And Lord, Many Things Have Happened, Including:</page>
  <page filename="77b13171-8af5-4105-9b0d-b290808f752d.xml" gtapi-trx-id="2a2eeebe-b4da-4513-9c04-dacc05bea407" thumb="173a10991cb2471ad5a4612fb9cc8f9d36738266.png" translate="true">How To Grow As A Follower Of Jesus</page>
  <page filename="0691b8de-6691-4582-bfbc-1eb6c6a9508a.xml" gtapi-trx-id="6b6fac79-94fe-4f74-9ba3-3802cd71e346" thumb="835538fdac6aae0c7c199f577d12d433a8926b95.png" translate="true">Special Materials</page>
  <about filename="a5558848-0c93-4a4a-bca2-378796d32fe8.xml" gtapi-trx-id="1f3fdcb9-d0e5-4d32-a5bb-2f1475cd6b2a" translate="true">About</about>
  <instructions gtapi-trx-id="d5c1d136-cb3b-40bc-8d32-c5bdf3d26c9f" translate="true"/>
</document>