<?xml version="1.0" encoding="UTF-8"?>
<page xmlns="https://mobile-content-api.cru.org/xmlns/tract" xmlns:content="https://mobile-content-api.cru.org/xmlns/content" background-image="laws-tract-bkg-image-7.jpg" background-image-scale-type="fill">
    <hero>
        <heading>
            <content:text i18n-id="6371b963-8350-425a-b4db-4b29b4809eab" text-color="rgba(90,90,90,1)">Suggestions for Christian growth</content:text>
        </heading>
        <content:paragraph>
        <content:image resource="Web-Green-laws-tract-bkg-image.png" restrictTo="web"/>
    </content:paragraph>
<content:paragraph>
            <content:text i18n-id="46d0a51a-f2d1-4e3a-8eac-6be571dd8547">Spiritual growth results from trusting Jesus Christ.  "...The righteous man shall live by faith" (Galatians 3:11).
            
A life of faith will enable you to trust God increasingly with every detail of your life, and to practice the following:</content:text>
        </content:paragraph>
         
    </hero>
    <cards>
        <card>
            <label>
                <content:text i18n-id="e5687d09-9a26-4195-8855-5be15b04665e" text-color="rgba(59,164,219,1)">Go</content:text>
            </label>
            <content:paragraph>
                <content:text i18n-id="90bef6b5-c6f8-4a3d-ab1a-9fbd75660743">Go to God in prayer daily.</content:text>
<content:text i18n-id="c625a988-dd7d-44ae-af59-9e4baed5677c">John 15:7</content:text>

                            </content:paragraph>
        </card>
        <card>
            <label>
                <content:text i18n-id="913b2c56-7095-4048-a960-7d378ded7b07" text-color="rgba(59,164,219,1)">Read</content:text>
            </label>
            <content:paragraph>
                <content:text i18n-id="7561abb4-d54b-4bd4-96a6-bd6e7d102489">Read God's Word daily.</content:text>
 <content:text i18n-id="980518ae-87f0-48cf-9548-fba01ffdf721">Acts 17:11</content:text>
 <content:text i18n-id="6f9899a7-1198-4146-a3da-85b7af126829">Begin with the Gospel of John.</content:text>
                          </content:paragraph>
        </card>
<card>
            <label>
                <content:text i18n-id="6e5ffc21-1b31-44a9-aba9-973d875e6d6b" text-color="rgba(59,164,219,1)">Obey</content:text>
            </label>
            <content:paragraph>
                <content:text i18n-id="5f832e24-e77c-4f36-be13-d0eaebda2a84">Obey God moment by moment.</content:text>
<content:text i18n-id="93f73e0d-9e71-4be1-a640-c8a4043afcff">John 14:21</content:text>
               
            </content:paragraph>
        </card>
<card>
            <label>
                <content:text i18n-id="141466f7-fb7f-44e3-90a6-b98978615965" text-color="rgba(59,164,219,1)">Witness</content:text>
            </label>
            <content:paragraph>
                <content:text i18n-id="1318c4c5-f382-4592-8194-e4c439422b6f">Witness for Christ by your life and words.</content:text>
  <content:text i18n-id="f9391851-9dd4-4ee7-9721-206aa0c5863d">See Matthew 4:19 and John 15:8</content:text>
               
            </content:paragraph>
        </card>
<card>
            <label>
                <content:text i18n-id="9094027f-4dbc-4fd0-928e-934e71463dbe" text-color="rgba(59,164,219,1)">Trust</content:text>
            </label>
            <content:paragraph>
                <content:text i18n-id="b248716d-7246-45e2-b3a4-ad2f4a5c32e8">Trust God for every detail of your life.</content:text>
                <content:text i18n-id="88ec181e-a31f-4fe5-b75a-324dac335249">1 Peter 5:7</content:text>
            </content:paragraph>
        </card>
<card>
            <label>
                <content:text i18n-id="2c3474ae-287b-4467-b904-b67fa0375fc1" text-color="rgba(59,164,219,1)">Holy Spirit</content:text>
            </label>
            <content:paragraph>
                <content:text i18n-id="bf9cefbd-6010-4a4d-9803-717737671c45">Allow Him to control and empower your daily life and witness.</content:text>
<content:text i18n-id="7d5e8f33-b4ba-4d4e-9f01-729a4692729a">See Galatians 5:16-17 and Acts 1:8</content:text>
            </content:paragraph>
        </card>

    </cards>
<call-to-action>
       <content:text/>
    </call-to-action>
</page>
