<?xml version="1.0"?>
<manifest xmlns="https://mobile-content-api.cru.org/xmlns/manifest" xmlns:content="https://mobile-content-api.cru.org/xmlns/content" primary-color="rgba(0,0,0,0.7)" primary-text-color="rgba(255,255,255,1)" text-color="rgba(90,90,90,1)" navbar-color="rgba(0,0,0,0.3)" navbar-control-color="rgba(255,255,255,1)" tool="fourlaws" locale="en" type="tract">
    <title>
        <content:text i18n-id="9b0a0889-898e-4e90-a32c-0e20cde215dd">Four Spiritual Laws</content:text>
    </title>
<pages><page filename="01_Home.xml" src="9710e76a77b35dd0375de6f9f42cd3b657d9f4f37e9934cd4688e613656fffee.xml"/><page filename="02_FirstPoint.xml" src="ddf3f6b6f4dba0d642cdb250d2da63469fff55d362cf492a9b201c49ebf5f219.xml"/><page filename="03_SecondPoint.xml" src="23b88004ba864b14dbc9f650a0bf8af7b91f354020ac59586af11405ad8f4e14.xml"/><page filename="04_ThirdPoint.xml" src="d15988c2bd14f5dfb9e0095c1882a732e3c0336ab19af74502a8696ed5224efc.xml"/><page filename="05_FourthPoint.xml" src="6c6935bcfb85e7bbfe17bb1bd0cf1203412ae16005c4d671e0b482daf20aac46.xml"/><page filename="06_TwoCircles.xml" src="668daaa8d50ab6cbd59100bb42148a62d5838e27ecbf1ba5670a6ec8095cf739.xml"/><page filename="07_SuggestedPrayer.xml" src="07caf264df54a3c0ebd201c63fe949d044edd6e2643b2d7cb1a64db996019d13.xml"/><page filename="08_HowCanYouBeSure.xml" src="8216c658fd8439613c9d63a6d7028f2e1999d06209de0c0f81d66eaf83f08889.xml"/><page filename="09_WhatHappens.xml" src="0f1c6b5e4610e5621198911f5fcef6369bb94ffdee71f669371aa43da709dac2.xml"/><page filename="10_HowToGrow.xml" src="77a9ab7f2bb1aa0f5845209da83d700ab7e1b3e9394dd1a5a210d851c28e1445.xml"/><page filename="10b_ChurchFellowship.xml" src="3dc26acd21f381488ea677112e1e24d568b79f8edde63f30bd49f2f502d75583.xml"/><page filename="11_FinalPage.xml" src="44276c65f133a509da8e9e4b490f2e605c008a3ee3d2dd108c0f2489bb2de3b8.xml"/></pages><resources><resource filename="laws-tract-bkg-image-8.jpg" src="fedd51055ce5ca6351d19f781601eb94192915597b4b023172acaab4fac04794"/><resource filename="laws-tract-bkg-image-1.jpg" src="1141677806e0a16b5ba6c1ad1d2fe9b6d55f8b04026b5e143c86391db67bf1ea"/><resource filename="laws-tract-bkg-image-2.jpg" src="3c93d006591cf6bd7ae6a271e793e7e4bb6ae05bba7a542b890da9aa843779f3"/><resource filename="laws-tract-bkg-image-3.jpg" src="b345284ce389a5d80c53b91afcc6d16d66f742e7128ee4a99065c48e98df4f0e"/><resource filename="laws-tract-bkg-image-4.jpg" src="a04c3da9760149fedd96f1a82b5b3113159a110f0750687de11956d773a7bb27"/><resource filename="laws-tract-bkg-image-4b.jpg" src="25f96c770f21afe142a9a8317c5a2c08629acc7ff373090616a6fd2c21e12f6e"/><resource filename="laws-tract-bkg-image-5.jpg" src="157e1820bb23d20cbb169902b41ae556c0684e7d7f7769373dc398ebe868d7ee"/><resource filename="laws-tract-bkg-image-5b.jpg" src="343495cd09ef4c161d0a6555a41f2b120269f63e6843de834da063dcdefb2480"/><resource filename="laws-tract-bkg-image-6.jpg" src="99ddb3b2b32446a8fe86476fdc8f4aad5a3491e864374ae66b1f8597129c5fd8"/><resource filename="laws-tract-bkg-image-7.jpg" src="8f0a5d2a8499ebac05eb7cdc96f2e666736d6e0ec50318f8f28e540e4a7bcedf"/><resource filename="laws-christ-directed-life.png" src="a9bcd4bafa3c3b370c65aca5a0e108dd1b69b5783a21c4271bd124aeb733fcbc"/><resource filename="laws-do-not-depend-on-feelings.png" src="1312e2c6565051b4218b58a54bf184d010e92a5c2bbe4a717d4403346fd39225"/><resource filename="laws-he-is-the-only-way-to-god-person.png" src="4b34d6c823a65b1e3816b5de457bfc97e43ac37a496a8ad965a803af75de0665"/><resource filename="laws-man-is-separated-person.png" src="d9d738d45c9d76c70f5fd57dca60db25ba86abe0330e003ab46af41a022d0ba8"/><resource filename="laws-self-directed-life.png" src="475689a7ca5a21f44a61e130cf6bc78d302d563cc9fb6fb285ce839073331203"/><resource filename="generic-divider-grey.png" src="035136f7e8579926e5e2acca5fc93843abe3600a1423bb1ce9639099e4f08aa2"/><resource filename="kgp-lamb-kyrgyz-1.png" src="e0a22ca595c7d8cc96c24b55d461717f495b6bde76a5302fc68c2c6e2d41454c"/><resource filename="kgp-lamb-kyrgyz-2.png" src="e13498c6be37124c61335c6b7f3d698df002cd7201571e2bcc123192baec808c"/><resource filename="kgp-lamb-kazakh-1.png" src="5b2edb3482f26009d6da13a59d5dc59b2ce1456634de0050f1b230749d4a3010"/><resource filename="kgp-lamb-kazakh-2.png" src="0927030514154a4d0eb7bc6dce31147b0cb65fcc41a9a772bdc0f5062383f413"/><resource filename="kgp-graphic-god-proves-his-love-person-small.jpg" src="9cfd6e11abbe23c6aef91e54cb30e882f01dd19ad12de543004e1e87ad632b66"/><resource filename="kgp-graphic-sin-has-consequences-graphic-person-small.jpg" src="281afc1fdb71befed204181814fbc6dffaef12920e54b9b2177143e3cb809a5c"/><resource filename="kgp-lamb-central-asian-russian-1.png" src="297c90c91c39b90f53cd662312063aa125ed9410eb6bfc56189542b8288bdfd1"/><resource filename="kgp-lamb-central-asian-russian-2.png" src="1d09fc87db959cfefade901a2455423669ee3ff6d20632337162a52ab272aea1"/><resource filename="kgp-lamb-turkish-1.png" src="e7232c6052222da764de8cb3365b624552e823b05fde013fc75a68f56dfb98b9"/><resource filename="kgp-lamb-turkish-2.png" src="a865d6171d33d854aeab08347d12ffeb73bb1cc40e18df63c617f009908aadb4"/><resource filename="kgp-lamb-turkish-2t.png" src="8fb13310fb2a69af4c02bc25c7f3a9da7ff9b785c2c8c1e8fe778e5ca67bf938"/></resources></manifest>
