<?xml version="1.0" encoding="UTF-8"?><page buttons="3" color="#7EB14F" shadows="no" tnt-trx-ref-value="" tnt-trx-translated="" translate="" watermark="">
 
  <text gtapi-trx-id="e8e93893-f540-4218-94af-a9ac85dde697" size="112" textalign="center" translate="true" yoffset="10">Learn more about the app:</text>
  <button gtapi-trx-id="dfd4d206-addc-4f69-b672-cf0b232026d6" mode="url" tnt-trx-ref-value="www.ccca.org.au/app/" tnt-trx-translated="true" translate="true" yoffset="40">www.godtoolsapp.com</button>

  <text size="112" textalign="center" yoffset="40">View the web version:</text>
  <button mode="url" yoffset="40">www.knowgod.com</button>
	
  <text size="112" textalign="center" yoffset="40">Send feedback or suggestions:</text>
  <button gtapi-trx-id="a26e65b9-f156-4208-89eb-391c8f024989" mode="email" tnt-trx-ref-value="resources@ccca.org.au" tnt-trx-translated="true" translate="true" yoffset="40">support@godtoolsapp.com</button>

  <text gtapi-trx-id="2efd9629-56c0-48b0-a090-1abbc06ca4a1" size="82" textalign="center" translate="true" yoffset="30">© 2016 Cru and Bright Media Foundation all rights reserved. Created by Cru. No part of this app may be changed in any way or reproduced in any form without written permission from the publisher.</text>
	
  <text gtapi-trx-id="52abbd93-8005-42da-991b-b34ee2e131bf" size="82" textalign="center" translate="true" yoffset="20">All Bible references are from the New American Standard Bible unless otherwise stated.</text>

</page>