<?xml version="1.0" encoding="UTF-8"?>
<page xmlns="https://mobile-content-api.cru.org/xmlns/tract" xmlns:content="https://mobile-content-api.cru.org/xmlns/content" background-image="laws-tract-bkg-image-8.jpg" background-image-scale-type="fill">
 
 
	<hero>
        <content:paragraph>
            <content:text i18n-id="bb785b10-090d-445b-b9f8-7550076f1391" text-align="center">Still not sure who Jesus is?</content:text>
        </content:paragraph>
        <content:paragraph>
            <content:button type="url" url="www.everystudent.com">
                <content:text i18n-id="ae643d40-90ac-44d3-bba0-d27c285508e5">www.everystudent.com</content:text>
            </content:button>
        </content:paragraph>
 
        <content:paragraph>
            <content:text i18n-id="404d4b68-78dd-40fe-971c-1e7f949e2406" text-align="center">More about Christianity...</content:text>
        </content:paragraph>
        <content:paragraph>
            <content:button type="url" url="www.startingwithGod.com">
                <content:text i18n-id="b3c11ca8-82f0-4176-8000-a73f80ab3303">www.startingwithGod.com</content:text>
            </content:button>
        </content:paragraph>
 
        <content:paragraph>
            <content:text i18n-id="07ab9fa2-5624-4b2a-b7fb-640793d0249f" text-align="center">Read the Bible</content:text>
        </content:paragraph>
        <content:paragraph>
            <content:button type="url" url="Bible.com">
                <content:text i18n-id="2dfaef4c-0ce9-4152-b4b3-947af7dceea3">Bible.com</content:text>
            </content:button>
        </content:paragraph>
        
        <content:paragraph>
            <content:text i18n-id="22b28a53-8638-47a2-b6ab-4102f81425d2" text-align="center">Watch a film about Jesus</content:text>
        </content:paragraph>
        <content:paragraph>
            <content:button type="url" url="jesusfilm.org/watch/jesus.html/english.html">
                <content:text i18n-id="5e21ea17-05e2-4347-ab7c-01da48a90ed0">jesusfilm.org/watch/jesus.html/english.html</content:text>
            </content:button>
        </content:paragraph>
</hero></page>
