<?xml version="1.0" encoding="UTF-8"?>
<page xmlns="https://mobile-content-api.cru.org/xmlns/tract" xmlns:content="https://mobile-content-api.cru.org/xmlns/content" background-image="laws-tract-bkg-image-3.jpg">
    <header>
        <number>
            <content:text>3</content:text>
        </number>
        <title>
            <content:text i18n-id="dcad7fa5-67ea-44b9-a814-1aa08d62604e">JESUS CHRIST IS GOD'S ONLY PROVISION FOR OUR SIN. THROUGH HIM ALONE WE CAN KNOW GOD PERSONALLY AND EXPERIENCE GOD'S LOVE AND PLAN.</content:text>
        </title>
    </header>
    <hero>
    <content:paragraph>
        <content:image resource="Web-Red-laws-tract-bkg-image.png" restrictTo="web"/>
    </content:paragraph>
    </hero>
    <cards>
        <card>
            <label>
                <content:text i18n-id="cb327c83-aaee-418c-8754-e977434d9737" text-color="rgba(59,164,219,1)">He Died in Our Place</content:text>
            </label>
            <content:paragraph>
                <content:text i18n-id="b1fdf550-98d6-4f05-acef-f0d9a8e64eaf">"God demonstrates His own love toward us, in that while we were yet sinners, Christ died for us."</content:text>
                <content:text i18n-id="9d5152c5-cf21-421f-85a8-c3101d949190">Romans 5:8</content:text>
            </content:paragraph>
        </card>
        <card>
            <label>
                <content:text i18n-id="250ec919-c645-4cfc-9c55-c8189dee2a28" text-color="rgba(59,164,219,1)">He Rose from the Dead</content:text>
            </label>
            <content:paragraph>
                <content:text i18n-id="35da1297-b80c-4111-b55b-45c22c4d248c">"Christ died for our sins…He was buried…He was raised on the third day, according to the Scriptures…He appeared to Peter, then to the Twelve.  After that He appeared to more than five hundred…"</content:text>
                <content:text i18n-id="dacb2032-d5ca-4117-9763-83f41db46186">1 Corinthians 15:3-6</content:text>
            </content:paragraph>
        </card>
<card>
            <label>
                <content:text i18n-id="3fcf1d5f-45e2-4eb8-861c-b7e64b98b073" text-color="rgba(59,164,219,1)">He Is the Only Way to God</content:text>
            </label>
            <content:paragraph>
                <content:text i18n-id="22839228-d950-45b7-a873-ea05192a139c">"Jesus said to him, 'I am the way, and the truth, and the life; no one comes to the Father but through Me'" (John 14:6).</content:text>
                </content:paragraph>
                <content:paragraph>
                     <content:image resource="Web-laws-he-is-the-only-way-to-god-person-wcolor.png" restrictTo="web"/>
                </content:paragraph>
                <content:paragraph>
                <content:image resource="kgp-graphic-god-proves-his-love-person-small.jpg" restrictTo="mobile"/>
               
                <content:text i18n-id="c5657019-0dca-4748-90fe-399144e31db4">▲ - God  |  † - Jesus  |   </content:text>
                <content:text i18n-id="34b4af0a-66f4-4666-8e7f-d99284127f40">This diagram illustrates that God has bridged the gulf that separates us from Him by sending His Son, Jesus Christ, to die on the cross in our place to pay the penalty for our sins.</content:text>
            </content:paragraph>
        </card>

    </cards>
    <call-to-action>
        <content:text i18n-id="9310dd00-7066-4304-8a5e-8ad520506982">It is not enough just to 
know these three laws...</content:text>
    </call-to-action>
</page>
