<?xml version="1.0" encoding="UTF-8"?>
<page xmlns="https://mobile-content-api.cru.org/xmlns/tract" xmlns:content="https://mobile-content-api.cru.org/xmlns/content" background-image="laws-tract-bkg-image-6.jpg" background-image-scale-type="fill" listeners="information-form-card-close followup-form-no-thanks">
 
 <hero>
        <heading>
            <content:text i18n-id="0b6ed82c-75e3-4597-a8b5-94958dd9bb89" text-scale="1.2" text-color="rgba(90,90,90,1)">How to know that Christ is in your life</content:text>
        </heading>
        <content:paragraph>
        <content:image resource="Web-Yellow1.2-laws-tract-bkg-image.png" restrictTo="web"/>
    </content:paragraph>
    </hero>
    <cards>
   <card>
            <label>
                <content:text i18n-id="666b553f-d0f5-437e-a0fa-b421a724707c" text-color="rgba(59,164,219,1)">Did you receive Christ into your life?</content:text>
            </label>
            <content:paragraph>
            <content:text i18n-id="15912814-cb40-467a-b4ae-354c367a273a">According to His promise in Revelation 3:20, where is Christ right now in relation to you?  
                
Christ said He would come into your life.  Would He mislead you?  
                
On what authority do you know God has answered your prayer?  (The trustworthiness of God Himself and His Word.)</content:text>
        </content:paragraph>
 </card>

                <card>
            <label>
                <content:text i18n-id="2a3b40b5-2249-4f0b-9aa5-ac2f83c7ab46" text-color="rgba(59,164,219,1)">The Bible promises Eternal Life ...</content:text>
            </label>
            <content:paragraph>
                <content:text i18n-id="6128a2c8-82c6-4dc8-bf8c-e378c3851410">... to all who receive Christ.</content:text>
                <content:text i18n-id="994db774-8810-46ca-bee3-e817c4c249cd">"God has given us eternal life, and this life is in His Son. He who has the Son has the life; he who does not have the Son of God does not have the life.  These things I have written to you who believe in the name of the Son of God, so that you may know that you have eternal life" (1 John 5:11-13).</content:text>
<content:text i18n-id="d8911e6a-8df6-4c5b-96c5-527905f1db22">Thank God often that Christ is in your life and that He will never leave you (Hebrews 13:5). You can know on the basis of His promise that Christ lives in you and that you have eternal life from the very moment you invite Him in.  He will not deceive you.</content:text>
<content:text i18n-id="84999bcf-a404-436e-9454-5c70ebb88c84">An important reminder...</content:text>
            </content:paragraph>
        </card>
<card>
            <label>
                <content:text i18n-id="ed474402-3427-48f6-920d-39a798dfcd58" text-color="rgba(59,164,219,1)">Do not depend on feelings</content:text>
            </label>
            <content:paragraph>
                <content:text i18n-id="3002cd11-c590-4790-981e-cee28a661270">The promise of God's Word, the Bible - not our feelings - is our authority.  The Christian lives by faith (trust) in the trustworthiness of God Himself and His Word.  This train diagram illustrates the relationship among fact (God and His Word), faith (our trust in God and His Word), and feeling (the result of our faith and obedience).  (Read John 14:21)</content:text>
<content:image resource="Web-laws-do-not-depend-on-feelings.png" restrictTo="web"/>
</content:paragraph>

   <content:paragraph>
       <content:image resource="laws-do-not-depend-on-feelings.png" restrictTo="mobile"/>
                <content:text i18n-id="652832bd-f9ae-4fb7-aaf4-16ef584d2cdd">[ Fact ] - [ Faith ] - [ Feeling ]</content:text>
 <content:text i18n-id="7733f716-949b-405f-8de9-7771b9320068">The train will run with or without the caboose.  However, it would be useless to attempt to pull the train by the caboose.  In the same way, as Christians we do not depend on feelings or emotions, but we place our faith (trust) in the trustworthiness of God and the promises of His Word.</content:text>
            </content:paragraph>
        </card>

    </cards>
    <call-to-action>
      <content:text/>
    </call-to-action>
</page>
