<?xml version="1.0" encoding="UTF-8"?>
<page xmlns="https://mobile-content-api.cru.org/xmlns/tract" xmlns:content="https://mobile-content-api.cru.org/xmlns/content" xmlns:analytics="https://mobile-content-api.cru.org/xmlns/analytics" background-image="satisfied-tract-bkg-image-6_1x.jpg" background-color="rgba(27,60,75,1)" card-text-color="rgba(50,50,50,1)">
    <hero>
        <heading>
            <content:text i18n-id="42678b4c-638c-4bec-b79b-1fd986687f4f">The Turning Point</content:text>
        </heading>
         <content:paragraph>
        <content:image resource="Web-satisfied-tract-bkg-image-6_1x.png" restrictTo="web"/>
    </content:paragraph>
        <content:paragraph>
            <content:text i18n-id="7f75f499-eee1-4fbb-b710-45a69090ecc3">We are filled with the Holy Spirit by faith alone.</content:text>
        </content:paragraph>
        <content:paragraph>
            <content:text i18n-id="81cb4f6c-5ad8-4752-aced-ace06052db69">Sincere prayer is one way of expressing our faith.</content:text>
        </content:paragraph>
    </hero>

    <cards>
        <card>
            <label>
                <content:text i18n-id="337761fe-a53d-45f6-9671-7730fc6b22c9">A suggested prayer:</content:text>
            </label>
            <analytics:events>
    <analytics:event action="Satisfied Holy Spirit Presented" delay="5" system="adobe">
      <analytics:attribute key="cru.presentingtheholyspirit" value="1"/>
    </analytics:event>
  </analytics:events>
            <content:paragraph>
                <content:text i18n-id="82594133-e1aa-49bc-b1f9-49ed6aa19143">Dear Father, I need You. I acknowledge that I have sinned against You by directing my own life. I thank You that You have forgiven my sin through Christ's death on the cross for me.  I now invite Christ to again take His place on the throne of my life.  Fill me with the Holy Spirit as You commanded me to be filled, and as You promised in Your Word that You would do if I asked in faith. I pray this in the name of Jesus. I now thank You for filling me with the Holy Spirit and directing my life.</content:text>
            </content:paragraph>
            <content:paragraph>
                <content:text i18n-id="8bb2c274-f56e-4390-9315-e5993dfee529">Does this prayer express the desire of your heart?  If so, you can pray right now and trust God to fill you with His Holy Spirit.</content:text>
            </content:paragraph>
        </card>

        <card>
            <label>
                <content:text i18n-id="60178e6a-473c-43c6-948a-9ff550e3ee8d">How to know...</content:text>
            </label>
            <content:paragraph>
                <content:text i18n-id="8eb0d1e4-28b0-4197-b91f-0a17f1783efb">...that you are filled by the Holy Spirit</content:text>
            </content:paragraph>
            <content:paragraph>
                <content:text i18n-id="9b84b400-7b9e-46ac-87c1-0b461afe4be7">- Did you ask God to fill you with the Holy Spirit?</content:text>
            </content:paragraph>
            <content:paragraph>
                <content:text i18n-id="ba9b9748-6af2-4b79-930e-4a9bc2e6351f">- Do you know that you are now filled with the Holy Spirit?</content:text>
            </content:paragraph>
            <content:paragraph>
                <content:text i18n-id="48666f77-a858-4c91-b7e6-8bff7505190a">- On what authority? (On the trustworthiness of God Himself and His Word: Hebrews 11:6; Romans 14:22-23).</content:text>
            </content:paragraph>
            <content:paragraph>
                <content:text i18n-id="668c73bf-960e-43c7-8d44-098435d4e3ea">As you continue to depend on God's Spirit moment by moment you will experience and enjoy intimacy with God and all He has for you - a truly rich and satisfying life.</content:text>
            </content:paragraph>
        </card>

        <card>
            <label>
                <content:text i18n-id="5d35e2dc-526b-4d74-b3b3-a3d5eb7ce7e9">Do not depend on feelings</content:text>
            </label>
            <content:paragraph>
                <content:text i18n-id="461b6b59-7a42-4909-9c1b-4b27b3d089aa">An important reminder:</content:text>
            </content:paragraph>
            <content:paragraph>
                <content:text i18n-id="9bec6779-5db6-4d2c-b7ae-863439079c97">The promise of God's Word, the Bible - not our feelings - is our authority.  The Christian lives by faith (trust) in the trustworthiness of God Himself and His Word.</content:text>
            </content:paragraph>
            <content:paragraph>
                <content:text i18n-id="9f42b753-db57-4a8f-992e-03a6fdb41cb0">Flying in an airplane can illustrate the relationship among fact (God and His Word), faith (our trust in God and His Word), and feeling (the result of our faith and obedience). (John 14:21)</content:text>
            </content:paragraph>
        </card>

        <card>
            <label>
                <content:text i18n-id="3629b7f7-7ea7-4cf7-a3cc-0f7a0c56644d">Trust facts not feelings</content:text>
            </label>
            <content:paragraph>
                 <content:image resource="Web-satisfied-trust-facts-not-feelings.png" restrictTo="web"/>
            </content:paragraph>
            <content:paragraph>
				<content:image resource="satisfied-trust-facts-not-feelings.png" restrictTo="mobile"/>
                <content:text i18n-id="506d2e46-577c-4cf1-92c8-957152126a64">To be transported by an airplane, we must place our faith in the trustworthiness of the aircraft and the pilot who flies it. Our feelings of confidence or fear do not affect the ability of the airplane to transport us, though they do affect how much we enjoy the trip.</content:text>
            </content:paragraph>
            <content:paragraph>
                <content:text i18n-id="bb0d27de-90e6-4e49-9b82-0892d7e0d44e">In the same way, we as Christians do not depend on feelings or emotions, but we place our faith (trust) in the trustworthiness of God and the promises of His Word.</content:text>
            </content:paragraph>
        </card>
    </cards>

    <call-to-action>
        <content:text i18n-id="1bb84af2-b3ad-4c74-b41d-6ee180624873">Now that you are filled with Holy Spirit..</content:text>
    </call-to-action>
</page>
