<?xml version="1.0"?>
<manifest xmlns="https://mobile-content-api.cru.org/xmlns/manifest" xmlns:content="https://mobile-content-api.cru.org/xmlns/content" primary-color="rgba(59,164,219,1)" primary-text-color="rgba(255,255,255,1)" text-color="rgba(98,96,98,1)" navbar-color="rgba(0,0,0,0.3)" navbar-control-color="rgba(255,255,255,1)" tool="satisfied" locale="en" type="tract">
    <title>
        <content:text i18n-id="name">Satisfied?</content:text>
    </title>
<pages><page filename="1.xml" src="83af14d5f98c6fdf216602dea8a6535f2775292ac4fc14e5c6ea1f52f8f6fabb.xml"/><page filename="2.xml" src="e9d07c1c640423a5d72649b020c857f80ac5d0733dba1f6b6ec3eb041d8b629e.xml"/><page filename="3.xml" src="078ec854474de511cb9ea3735085f677c1a9760eb9af92653bccef0ea60839c8.xml"/><page filename="4.xml" src="68db1078178608f5526c835da943bb0f422039cb3838af3881a521ecfe2bb5c4.xml"/><page filename="5.xml" src="81f505ab4b84242dbbe3c9ec358ce10789e61ed62c40450ba3f186f09f24c2fb.xml"/><page filename="6.xml" src="ea62c39415b4d5bf38ed220a6e0e19cdcae6254a7ae8f22ca8761005003d1c1f.xml"/><page filename="7.xml" src="d9cd770ee26a6b9ea74ce1e0dcf6eeb6e55687483907d0ca3c60e589c686ede9.xml"/><page filename="8.xml" src="131a0011899fb99130a0d80fca71cb8874418cd3cc3d62a4f4654551151a452a.xml"/></pages><resources><resource filename="satisfied-tract-bkg-image-0_1x.jpg" src="21b747d4300725cd1f0612a85dfcc80a5b23d1d407385ecfa2fb476cf44cd600"/><resource filename="satisfied-life-with-the-spirit-english.png" src="accbcf754467bb06313d243b8a9f0b9062885c2630e1d017eee5f7a78823a5f5"/><resource filename="satisfied-life-without-the-spirit.png" src="52937e4a51c39115c0a9f8242e8e3bc246e56e1632e04ad50ef7e84326be4df3"/><resource filename="satisfied-the-christ-centered-life-english.png" src="27159a5ad8b3d088862212c8cd63139214e06efbd4a823f409db9964f5cb88ae"/><resource filename="satisfied-three-kinds-of-lifestyles.png" src="8a6565384a9614bb7c29eb0ae38d1bdfb63bee17865893b7b0052a15449bcf1c"/><resource filename="satisfied-trust-facts-not-feelings.png" src="6ec9a36367ac3ad5bc61561381d3e8513e15f234a2391e0c12075d95d9b6fa4f"/><resource filename="satisfied-life-with-the-spirit.png" src="3a31e31b41efef5d0ea1cfc3e00cdb210c325d68149163172598e98775dad6a5"/><resource filename="satisfied-the-christ-centered-life.png" src="4fc4b9c1c61691c723d7d66f42169c0461d2cf8827f3e40d335d62c480413f39"/><resource filename="generic-divider-grey.png" src="035136f7e8579926e5e2acca5fc93843abe3600a1423bb1ce9639099e4f08aa2"/><resource filename="New_Satisfied_bkg_2.0.jpg" src="c4628a71c7aec6a9202a69ebb5dc6cb6930c574f6624950d08ab688f17c5dbda"/><resource filename="New_Satisfied_bkg_7.0.jpg" src="b5e304c5f6b4b81e82ddd2119203b166fa44c0bd6c6e167715cdbb39dd818e58"/><resource filename="New_satisfied_bkg_6.0.jpg" src="ea5a487ba8471097db9255cbd9276c7713832306d179f139e76729f3a3cf6cf7"/><resource filename="New_Satisfied_bkg_4.1.jpg" src="1a1d2937a94bd9f165e74aca2b2f9ee666f7a2b3109e4689cc89e012f6c73485"/><resource filename="New_Satisfied_bkg_4.0.jpg" src="73fcfe3ec2c7cddfdc4345eb41c0a8e5eda1babc118ad79e9df728f0d6f20bdb"/><resource filename="New_Satisfied_bkg_8.1.jpg" src="eb64b82cf5084371d26a545f4ab30e3cfeb3ac3af6bc65221639c9e5bdd9403f"/><resource filename="New_Satisfied_bkg_6.1.jpg" src="1221c834bcd3f8104d5bd7e5994f41d43c5425ab0007524085add80e6f0ddc4a"/><resource filename="0.jpg" src="461cabda8c21cce20cb587f9bce4ca88181ae80655ac4a16aa00a191bcb9d976"/><resource filename="Satisfied1.jpg" src="16b7c7f1106a99505e3d92fa1b76ec77f979c09c3092cde1d182b9232baf837f"/><resource filename="New_Satisfied_bkg_2.1.jpg" src="3967951ae851cb3a6937d5e8641448da8c4276a1f78841c72c203aa743c96387"/><resource filename="New_Satisfied_bkg_3.1.jpg" src="18090382eb8683dcf964f5f15db0893d0558750d889eb3f9a36a6dd230725c65"/><resource filename="Satisfied2.jpg" src="47ee1195739103d59f617d7e696a1fe256a5d06382999d2b681cde19da9f1ecb"/><resource filename="Satisfied4.jpg" src="a0f037f68396b7824b1d9f22e692565370c5c3d3dc45fbbddaded3e83977d03f"/><resource filename="New_satisfied_bkg_5.0.jpg" src="29a39976dacfe9a4945afb30a1a4a5a74a3ab630949984fe509476bf67355e2a"/><resource filename="Satisfied3.jpg" src="da069105067a63ed66aa774541bb7161dbd86685036fc3c33cbb1d93548c1dc2"/><resource filename="Satisfied5.jpg" src="601286818c1afdb269b36446a73443f5eea3d7ed017afee8aec835ff8dd2ab0e"/><resource filename="Satisfied7.jpg" src="94b365368f19e2ecf3cdad44c5647aaaf2198d48f91acf15f6c2f0280c2e0a44"/><resource filename="Satisfied6.jpg" src="bf16ddc79f02b89ac9f7fb6cd5c7fe3d25460a8145a573ebbef713d1398550a7"/></resources></manifest>
