<?xml version="1.0"?>
<manifest xmlns="https://mobile-content-api.cru.org/xmlns/manifest" xmlns:content="https://mobile-content-api.cru.org/xmlns/content" primary-color="rgba(59,164,219,1)" primary-text-color="rgba(255,255,255,1)" text-color="rgba(98,96,98,1)" navbar-color="rgba(0,0,0,0.3)" navbar-control-color="rgba(255,255,255,1)" tool="satisfied" locale="en" type="tract">
    <title>
        <content:text i18n-id="name">Satisfied?</content:text>
    </title>
<pages><page filename="1.xml" src="6947e8ed39bf9af79343ab8ff3c95bec6e7f2746a74aeb483f116d7476a653db.xml"/><page filename="2.xml" src="59f573363950232e97311f0d48ee762e611aa2b1209dc2d076b2a3429b738852.xml"/><page filename="3.xml" src="c33698f768a90635276f1da7239579110fa96135c735e02562143230795920e4.xml"/><page filename="4.xml" src="497660c3b37cf29e0efe9c2c0ce45838c189f078d6dbaabda9fdbd0e9e1257f0.xml"/><page filename="5.xml" src="b8daf1ed9cd1ff19c651e8c8549c2080b0fc91ffb2e8adb3a4b4fabfea719714.xml"/><page filename="6.xml" src="c0e60cf7cb1ce348c42171d0c51ea5821d42d0ad1f4a2efb45d79c6c6c0caf55.xml"/><page filename="7.xml" src="6d03cd6f1b198d32c741b269a283e911b219a74fb678e52594db7573c7e673a4.xml"/><page filename="8.xml" src="2b4ff243148fcd8a2986d216b3c548aec30b18877c3a9ef02b80e981a1e0b49a.xml"/></pages><resources><resource filename="satisfied-tract-bkg-image-0_1x.jpg" src="21b747d4300725cd1f0612a85dfcc80a5b23d1d407385ecfa2fb476cf44cd600"/><resource filename="satisfied-tract-bkg-image-1_1x.jpg" src="2c96f60c1a265bea9f459e1b434aef95ce56c170d8487b683d097415bdb3f8a2"/><resource filename="satisfied-tract-bkg-image-2_1x.jpg" src="878f0cf441ece0e5bf979e13a593f4b96126dd9755e9600566699d010fc29eaf"/><resource filename="satisfied-tract-bkg-image-3_1x.jpg" src="e598a167ff30e390a31d21f276b20828cfdb101ffbbd2bd3c721db087fddff5d"/><resource filename="satisfied-tract-bkg-image-4_1x.jpg" src="a3a4be34f22e3b661e878a8ec7e442d1a5f27af216f586396e252c1fa3cf0c5a"/><resource filename="satisfied-tract-bkg-image-5_1x.jpg" src="bd2b29b0d1da0f3d11a6a001dafc0e550e4361261de4eedc0721932c1b9519d8"/><resource filename="satisfied-tract-bkg-image-6_1x.jpg" src="f1db298aa161f1a548cbe36025533ff4e4c4266c21dc7f59bb08f8574ea4d298"/><resource filename="satisfied-tract-bkg-image-7_1x.jpg" src="43c29299d7ba72ddd1e5238e060dafdff0c3efada71604ab989124d2d7e2936a"/><resource filename="New_Satisfied_bkg_1.0.jpg" src="692f4d5c6b6c8a8f7946c933bbd3a0deacd719e69e9f9057d6eae4bc2799d2d4"/><resource filename="satisfied-life-with-the-spirit-english.png" src="accbcf754467bb06313d243b8a9f0b9062885c2630e1d017eee5f7a78823a5f5"/><resource filename="satisfied-life-without-the-spirit.png" src="52937e4a51c39115c0a9f8242e8e3bc246e56e1632e04ad50ef7e84326be4df3"/><resource filename="satisfied-the-christ-centered-life-english.png" src="27159a5ad8b3d088862212c8cd63139214e06efbd4a823f409db9964f5cb88ae"/><resource filename="satisfied-three-kinds-of-lifestyles.png" src="8a6565384a9614bb7c29eb0ae38d1bdfb63bee17865893b7b0052a15449bcf1c"/><resource filename="satisfied-trust-facts-not-feelings.png" src="6ec9a36367ac3ad5bc61561381d3e8513e15f234a2391e0c12075d95d9b6fa4f"/><resource filename="satisfied-life-with-the-spirit.png" src="3a31e31b41efef5d0ea1cfc3e00cdb210c325d68149163172598e98775dad6a5"/><resource filename="satisfied-the-christ-centered-life.png" src="4fc4b9c1c61691c723d7d66f42169c0461d2cf8827f3e40d335d62c480413f39"/><resource filename="generic-divider-grey.png" src="035136f7e8579926e5e2acca5fc93843abe3600a1423bb1ce9639099e4f08aa2"/><resource filename="New_Satisfied_bkg_2.0.jpg" src="c4628a71c7aec6a9202a69ebb5dc6cb6930c574f6624950d08ab688f17c5dbda"/><resource filename="New_Satisfied_bkg_7.0.jpg" src="b5e304c5f6b4b81e82ddd2119203b166fa44c0bd6c6e167715cdbb39dd818e58"/><resource filename="New_satisfied_bkg_6.0.jpg" src="ea5a487ba8471097db9255cbd9276c7713832306d179f139e76729f3a3cf6cf7"/><resource filename="New_Satisfied_bkg_4.1.jpg" src="1a1d2937a94bd9f165e74aca2b2f9ee666f7a2b3109e4689cc89e012f6c73485"/><resource filename="New_Satisfied_bkg_4.0.jpg" src="73fcfe3ec2c7cddfdc4345eb41c0a8e5eda1babc118ad79e9df728f0d6f20bdb"/><resource filename="New_Satisfied_bkg_8.1.jpg" src="eb64b82cf5084371d26a545f4ab30e3cfeb3ac3af6bc65221639c9e5bdd9403f"/><resource filename="New_Satisfied_bkg_6.1.jpg" src="1221c834bcd3f8104d5bd7e5994f41d43c5425ab0007524085add80e6f0ddc4a"/><resource filename="New_Satisfied_bkg_0.jpg" src="dfb786886f9405f089b325eddda0865fda793cd1a8435be0a120fe3b8112d2df"/><resource filename="New_Satisfied_bkg_2.1.jpg" src="3967951ae851cb3a6937d5e8641448da8c4276a1f78841c72c203aa743c96387"/><resource filename="New_Satisfied_bkg_3.1.jpg" src="18090382eb8683dcf964f5f15db0893d0558750d889eb3f9a36a6dd230725c65"/><resource filename="New_satisfied_bkg_5.0.jpg" src="29a39976dacfe9a4945afb30a1a4a5a74a3ab630949984fe509476bf67355e2a"/></resources></manifest>
