<?xml version="1.0"?>
<manifest xmlns="https://mobile-content-api.cru.org/xmlns/manifest" xmlns:content="https://mobile-content-api.cru.org/xmlns/content" primary-color="rgba(59,164,219,1)" primary-text-color="rgba(255,255,255,1)" text-color="rgba(255,255,255,1)" navbar-color="rgba(0,0,0,0.12)" navbar-control-color="rgba(255,255,255,1)">
    <title>
        <content:text i18n-id="name">Satisfied?</content:text>
    </title>
<pages><page filename="1.xml" src="9c1ba4c85ee14779fef6d9e160b0f914d464a4bdac72607235558ede16e5705f.xml"/><page filename="2.xml" src="c2c2867fb6daa97bcdb9d3a34165e133efd416ef300e06e424c84a7b0db13315.xml"/><page filename="3.xml" src="2eaa2d173bda8953d6af258e0cbf7c1d3dae85394d26c44e7fc43de8dd60f6e9.xml"/><page filename="4.xml" src="d493e57c5141b49dcd6d994ab06e8254f12c591a5d990c1b67133a6259837701.xml"/><page filename="5.xml" src="dab790b573a91c6a459b128838059455f165c26a985db7a967cdbf041e1c5132.xml"/><page filename="6.xml" src="2a63091151661a6df9233f22c13a78732272193cb242ecd11ec840e61b2ad4d2.xml"/><page filename="7.xml" src="16dadff716ab983024a574744040e454a95ac9093d574561fe18335da6e1de84.xml"/><page filename="8.xml" src="015af90c8f5fe6a5cf19fcc2f5c273d18595174b6042479c9c6946458df7910f.xml"/></pages><resources><resource filename="satisfied-tract-bkg-image-0_1x.jpg" src="21b747d4300725cd1f0612a85dfcc80a5b23d1d407385ecfa2fb476cf44cd600"/><resource filename="satisfied-tract-bkg-image-1_1x.jpg" src="2c96f60c1a265bea9f459e1b434aef95ce56c170d8487b683d097415bdb3f8a2"/><resource filename="satisfied-tract-bkg-image-2_1x.jpg" src="878f0cf441ece0e5bf979e13a593f4b96126dd9755e9600566699d010fc29eaf"/><resource filename="satisfied-tract-bkg-image-3_1x.jpg" src="e598a167ff30e390a31d21f276b20828cfdb101ffbbd2bd3c721db087fddff5d"/><resource filename="satisfied-tract-bkg-image-4_1x.jpg" src="a3a4be34f22e3b661e878a8ec7e442d1a5f27af216f586396e252c1fa3cf0c5a"/><resource filename="satisfied-tract-bkg-image-5_1x.jpg" src="bd2b29b0d1da0f3d11a6a001dafc0e550e4361261de4eedc0721932c1b9519d8"/><resource filename="satisfied-tract-bkg-image-6_1x.jpg" src="f1db298aa161f1a548cbe36025533ff4e4c4266c21dc7f59bb08f8574ea4d298"/><resource filename="satisfied-tract-bkg-image-7_1x.jpg" src="43c29299d7ba72ddd1e5238e060dafdff0c3efada71604ab989124d2d7e2936a"/><resource filename="New_Satisfied_bkg_1.0.jpg" src="692f4d5c6b6c8a8f7946c933bbd3a0deacd719e69e9f9057d6eae4bc2799d2d4"/><resource filename="satisfied-life-with-the-spirit-english.png" src="accbcf754467bb06313d243b8a9f0b9062885c2630e1d017eee5f7a78823a5f5"/><resource filename="satisfied-life-without-the-spirit.png" src="52937e4a51c39115c0a9f8242e8e3bc246e56e1632e04ad50ef7e84326be4df3"/><resource filename="satisfied-the-christ-centered-life-english.png" src="27159a5ad8b3d088862212c8cd63139214e06efbd4a823f409db9964f5cb88ae"/><resource filename="satisfied-three-kinds-of-lifestyles.png" src="8a6565384a9614bb7c29eb0ae38d1bdfb63bee17865893b7b0052a15449bcf1c"/><resource filename="satisfied-trust-facts-not-feelings.png" src="6ec9a36367ac3ad5bc61561381d3e8513e15f234a2391e0c12075d95d9b6fa4f"/><resource filename="satisfied-life-with-the-spirit.png" src="3a31e31b41efef5d0ea1cfc3e00cdb210c325d68149163172598e98775dad6a5"/><resource filename="satisfied-the-christ-centered-life.png" src="4fc4b9c1c61691c723d7d66f42169c0461d2cf8827f3e40d335d62c480413f39"/><resource filename="generic-divider-grey.png" src="035136f7e8579926e5e2acca5fc93843abe3600a1423bb1ce9639099e4f08aa2"/><resource filename="New_Satisfied_bkg_2.0.jpg" src="c4628a71c7aec6a9202a69ebb5dc6cb6930c574f6624950d08ab688f17c5dbda"/></resources></manifest>
