<?xml version="1.0" encoding="UTF-8"?>
<page xmlns="https://mobile-content-api.cru.org/xmlns/tract" xmlns:content="https://mobile-content-api.cru.org/xmlns/content" background-image="New_Satisfied_bkg_6.1.jpg" background-color="rgba(255,255,255,1)" background-image-scale-type="fill" background-image-align="bottom" card-text-color="rgba(50,50,50,1)">
    <hero>
        <heading>
            <content:text i18n-id="d70fdc91-1e3f-4572-945d-4fd178e3ae6c">The Empowering Presence</content:text>
        </heading>
         <content:paragraph>
        <content:image resource="Web-satisfied-tract-bkg-image-5_1x.png" restrictTo="web"/>
    </content:paragraph>
        <content:paragraph>
            <content:text i18n-id="44e85f5c-fcaa-401b-8d91-ffbb57be4e58">We are filled with the Spirit by faith, enabling us to experience intimacy with God and enjoy all He has for us.</content:text>
        </content:paragraph>
        <content:paragraph>
            <content:text i18n-id="ac4c13ef-2d9e-4ef2-bd43-1a8d1e0a2014">The essence of the Christian life is what God does in and through us, not what we do for God. Christ's life is reproduced in the believer by the power of the Holy Spirit. To be filled with the Spirit is to be directed and empowered by Him.</content:text>
        </content:paragraph>
    </hero>

    <cards>
        <card>
            <label>
                <content:text i18n-id="a1a719a6-7d23-4da8-a180-6a91b5d37741">By faith, we experience...</content:text>
            </label>
            <content:paragraph>
                <content:text i18n-id="28700be5-6a75-41cb-bd90-8f4d969c06f5">...God's power through the Holy Spirit.</content:text>
            </content:paragraph>
            <content:paragraph>
                <content:text i18n-id="df11e7e7-ad66-4e68-b4d7-e5583ecd7f4b">"I pray that out of his glorious riches he may strengthen you with power through his Spirit in your inner being, so that Christ may dwell in your hearts through faith." 

Ephesians 3:16-17</content:text>
            </content:paragraph>
        </card>

        <card>
            <label>
                <content:text i18n-id="3ea26042-4cda-4986-9435-dd96e3e13604">Three important questions...</content:text>
            </label>
            <content:paragraph>
                <content:text i18n-id="b4592c25-9a30-4fee-94b5-52f944477efe">...to ask yourself:</content:text>
            </content:paragraph>
            <content:paragraph>
                <content:text i18n-id="114dd44f-c151-421f-96f3-4f9f79de679f">1. Am I ready now to surrender control of my life to our Lord Jesus Christ? (Romans 12:1-2)</content:text>
            </content:paragraph>
            <content:paragraph>
                <content:text i18n-id="70dfee15-929a-4e29-8dc8-4b3953e8f0ed">2. Am I ready now to confess my sins? (1 John 1:9) Sin grieves God's Spirit (Ephesians 4:30).
But God in His love has forgiven all your sins - past, present, and future - because Christ has died for you.</content:text>
            </content:paragraph>
            <content:paragraph>
                <content:text i18n-id="f9b99750-f8a9-4cea-8629-4ca0f235ccf0">3. Do I sincerely desire to be directed and empowered by the Holy Spirit? (John 7:37-39)</content:text>
            </content:paragraph>
        </card>

        <card>
            <label>
                <content:text i18n-id="de604537-b463-4504-9b01-0a1faeecfb78">By faith, claim...</content:text>
            </label>
            <content:paragraph>
                <content:text i18n-id="7797bdce-943d-4bae-bb89-49805235eb5c">...the fullness of the Spirit according to His command and promise:</content:text>
            </content:paragraph>
            <content:paragraph>
                <content:text i18n-id="009fc75e-1c0c-4277-93e8-ba1d1ab577d5">God COMMANDS us to be filled with the Spirit.</content:text>
            </content:paragraph>
            <content:paragraph>
                <content:text i18n-id="03fe26e8-78c4-484c-aeb4-62192fe14853">"…be filled with the Spirit." (Ephesians 5:18)</content:text>
            </content:paragraph>
            <content:paragraph>
                <content:text i18n-id="a9407d04-e046-4dd2-af24-ff3b543332b2">God PROMISES He will always answer when we pray according to His will.</content:text>
            </content:paragraph>
            <content:paragraph>
                <content:text i18n-id="f2b405d1-53ce-4152-9b11-b23a327c811b">"This is the confidence that we have in approaching God: that if we ask anything according to his will, he hears us.  And if we know that he hears us - whatever we ask - we know that we have what we have asked of him." (1 John 5:14-15)</content:text>
            </content:paragraph>
        </card>
    </cards>

    <call-to-action control-color="rgba(255,255,255,1)">
        <content:text i18n-id="1896d705-2cee-498b-92ae-e2d8d4700e00" text-color="rgba(255,255,255,1)">How to pray to be filled with the Holy Spirit…</content:text>
    </call-to-action>
</page>
