<?xml version="1.0" encoding="UTF-8"?>
<page xmlns="https://mobile-content-api.cru.org/xmlns/tract" xmlns:content="https://mobile-content-api.cru.org/xmlns/content" background-image="Satisfied1.jpg" background-color="rgba(255,255,255,1)" background-image-scale-type="fill" background-image-align="bottom" card-text-color="rgba(50,50,50,1)">
    <hero>
        <heading>
            <content:text i18n-id="c01db8f9-37be-4f6b-9a0c-a10d5f2d56ec">Satisfied?</content:text>
        </heading>
         <content:paragraph>
        <content:image resource="Web-satisfied-tract-bkg-image-1_1x.png" restrictTo="web"/>
    </content:paragraph>
        <content:paragraph>
            <content:text i18n-id="645af94c-eee7-4096-bbef-b4ac93f4e1fe">Which words would you use to describe your current experience as a Christian?</content:text>
        </content:paragraph>
        
        <content:paragraph>
            <content:text i18n-id="c9315a8e-c6b4-4396-809c-fc7036fd8aae">Growing | Frustrated
Disappointing | Fulfilled
Forgiven | Stuck | Struggling
Joyful | Defeated | Exciting
Up and Down | Empty
Discouraged | Duty
Intimate | Mediocre
Painful | Dynamic | Guilty
Vital | So-so | Others?</content:text>
        </content:paragraph>
    </hero>

    <cards>
        <card>
            <label>
                <content:text i18n-id="c97fec59-c592-4fe1-9cd1-4c66d4cdd1f6">Do you desire more?</content:text>
            </label>
            <content:paragraph>
                <content:text i18n-id="734c56ea-ffc1-4a0a-b298-4e1d635b7708">"Jesus said, 'If anyone is thirsty, let him come to me and drink. Whoever believes in me, as the Scripture has said, streams of living water will flow from within him.'"  

John 7:37-38</content:text>
            </content:paragraph>
        </card>

        <card>
            <label>
                <content:text i18n-id="61d05ed8-8f4a-4767-bf2b-1a4065d5a71e">What did Jesus mean?</content:text>
            </label>
            <content:paragraph>
                <content:text i18n-id="35ac14b0-fc1b-4598-b233-74c1cd37187d">John, the biblical author, went on to explain,</content:text>
            </content:paragraph>
            <content:paragraph>
                <content:text i18n-id="a8fc5a97-efb6-42c7-a408-9ded8b20fdbe">"By this he meant the Spirit, whom those who believed in him were later to receive. Up to that time the Spirit had not been given, since Jesus had not yet been glorified."

John 7:39</content:text>
            </content:paragraph>
        </card>

        <card>
            <label>
                <content:text i18n-id="be5e8347-5b45-4167-9e25-5bd1c0479cc9">Jesus promised...</content:text>
            </label>
            <content:paragraph>
                <content:text i18n-id="7a7255e6-74cb-46c3-8847-df73976a1a0f">...that God's Holy Spirit would satisfy the thirst, or deepest longings, of all who believe in Jesus Christ.</content:text>
            </content:paragraph>
            <content:paragraph>
                <content:text i18n-id="c41367b1-591b-48c1-8940-f8d7c619009c">However, many Christians do not understand the Holy Spirit or how to experience Him in their daily lives.</content:text>
            </content:paragraph>
        </card>
    </cards>

    <call-to-action control-color="rgba(255,255,255,1)">
        <content:text i18n-id="3c1f29e9-25ee-49ef-96f5-eec2ca101a6b" text-color="rgba(255,255,255,1)">The following principles will help you to understand and enjoy God's Spirit.</content:text>
    </call-to-action>
</page>
