<?xml version="1.0" encoding="UTF-8"?><document lang="en">
	<packagename gtapi-trx-id="e59756b3-b4e1-495a-a944-0989ad14ef96" translate="true">Satisfied?</packagename>
	<page filename="65bab090-580f-4859-8818-8b838042f9a1.xml" gtapi-trx-id="69d21114-4db2-43cd-bb30-a6a73bb4e66f" thumb="0060eb6096c000f829b7300726754ce0a1c9d3f4.png" translate="true">Home</page>
	<page filename="0de8abd9-6bb4-466d-a837-65fc662b3b60.xml" gtapi-trx-id="40ed606b-e876-4708-83b3-112f1f81910a" thumb="0fbf31452a86f8500d2d6fe52565ab8b93c23521.png" translate="true">Satisfied?</page>
	<page filename="9975b6de-93c0-4369-b8f6-2e42c6069cf4.xml" gtapi-trx-id="7a3b027b-40e1-4f65-b6a6-17a161e35c50" thumb="362d9170e1bdc84c68b47eb48c663ef105c5b596.png" translate="true">The Divine Gift</page>
	<page filename="89dec276-f5fb-47ba-ac31-e35f97969b01.xml" gtapi-trx-id="c0c77a3c-8319-448e-b851-5114efff5dd1" thumb="20f386ef2be49732e940cdddb993349e3e5db727.png" translate="true">The Present Danger</page>
	<page filename="0197ded1-ed14-414d-b13c-34abee9afbf2.xml" gtapi-trx-id="8f5c7124-7c74-4467-ad77-b0fb8fff444f" thumb="d85cada12f993c1b71e06f67aa337077014d4c2d.png" translate="true">The Intimate Journey</page>
	<page filename="7135cd0f-ecd0-4d4c-a568-288150e17de4.xml" gtapi-trx-id="15e5be3a-8775-4c02-9ed8-5c9a712f8242" thumb="dea4a84e6c82879563b32caa348ce7d2c81b2495.png" translate="true">The Empowering Presence</page>
	<page filename="3f8dd3b6-4d7f-4bd8-b6b0-b65b9ccfb779.xml" gtapi-trx-id="2766df1e-94fb-412a-81a1-9b0a497b16e4" thumb="6475c73b40b040bed55b37bdfcdab6d898696904.png" translate="true">The Turning Point</page>
	<page filename="dcb9b3a1-16cd-4376-bbee-18a0df501ba0.xml" gtapi-trx-id="603b068b-6f22-4167-8846-bb56fbdd6362" thumb="cb5bc81f8fb3b7b179a3f1af7adae9435b206688.png" translate="true">Now that you are filled...</page>
	<about filename="c11e8c9a-d0c1-4c2e-a71e-d8587d5e6e5e.xml" gtapi-trx-id="0846d8ce-317c-4429-a57d-341463d3523f" thumb="pagethumb_09.png" translate="true">About</about>

</document>