<?xml version="1.0" encoding="UTF-8"?>
<page xmlns="https://mobile-content-api.cru.org/xmlns/tract" xmlns:content="https://mobile-content-api.cru.org/xmlns/content" background-image="satisfied-tract-bkg-image-4_1x.jpg" background-color="rgba(94,79,56,1)" card-text-color="rgba(50,50,50,1)">
    <hero>
        <heading>
            <content:text i18n-id="2171d7ee-d346-417e-ac4b-ca8ad3c9e906">The Intimate Journey</content:text>
        </heading>
        <content:paragraph>
            <content:text i18n-id="a73de09d-73f6-4866-a0b7-b3ff61d847a1">By walking in the Spirit we increasingly experience intimacy with God and enjoy all He has for us.</content:text>
        </content:paragraph>
        <content:paragraph>
            <content:text i18n-id="7e6b0467-6ab2-4231-a233-be8299667e17">Walking in the Spirit moment by moment is a lifestyle. It is learning to depend upon the Holy Spirit for His abundant resources as a way of life.</content:text>
        </content:paragraph>
        <content:paragraph>
            <content:text i18n-id="b2c4df2b-77b2-4f57-84ef-1ad7bef3fbc8">As we walk in the Spirit:</content:text>
        </content:paragraph>
    </hero>

    <cards>
        <card>
            <label>
                <content:text i18n-id="e56048dc-f8f8-458b-bde9-85ca03e3ee42">We have the ability...</content:text>
            </label>
            <content:paragraph>
                <content:text i18n-id="8f0728a6-e931-4d73-991e-408c03aeea7c">...to live a life pleasing to God.</content:text>
            </content:paragraph>
            <content:paragraph>
                <content:text i18n-id="61343899-7cb0-4202-8a5e-fb5b40696141">"So I say, live by the Spirit, and you will not gratify the desires of the sinful nature… Since we live by the Spirit, let us keep in step with the Spirit." (Galatians 5:16, 25)</content:text>
            </content:paragraph>
        </card>

        <card>
            <label>
                <content:text i18n-id="7db0e7cc-7948-4b0b-8116-f480c8015a6b">We experience intimacy...</content:text>
            </label>
            <content:paragraph>
                <content:text i18n-id="c8aa10b8-b386-44eb-ad1b-50c2c35a1d4f">...with God and all He has for us.</content:text>
            </content:paragraph>
            <content:paragraph>
                <content:text i18n-id="54969da5-4168-43df-be20-9818641d4c6a">"But the fruit of the Spirit is love, joy, peace, patience, kindness, goodness, faithfulness, gentleness and self-control." (Galatians 5:22-23)</content:text>
            </content:paragraph>
        </card>

        <card>
            <label>
                <content:text i18n-id="9f90ed09-ddb4-4dd3-a225-3e7dd13d94fd">The Christ-centered Life</content:text>
            </label>
            <content:paragraph>
                <content:text i18n-id="f3803aae-3a90-4636-b56c-0f9e97ce670e">Faith (trust in God and His promises) is the only way a Christian can live by the Spirit.</content:text>
            </content:paragraph>
        </card>

        <card>
            <label>
                <content:text i18n-id="dce3ce01-daf0-4f58-9db9-e8efdd44892d">Spiritual breathing...</content:text>
            </label>
            <content:paragraph>
                <content:text i18n-id="750195c7-587d-4e6f-af81-f383b5fc0016">…is a powerful word picture which can help you experience moment-by-moment dependence upon the Spirit.</content:text>
            </content:paragraph>
            <content:paragraph>
                <content:text i18n-id="f05d29b9-0831-47e7-a550-ea6849d1902c">Exhale...</content:text>
            </content:paragraph>
            <content:paragraph>
                <content:text i18n-id="ae703380-9fa2-47fc-bd72-d4ecd01b8f0c">Confess your sin the moment you become aware of it - agree with God concerning it and thank him for His forgiveness, according to 1 John 1:9 and Hebrews 10:1-25.
Confessing requires repentance - a change in attitude and action.</content:text>
            </content:paragraph>
            <content:paragraph>
                <content:text i18n-id="76732ef2-2bf1-447e-8c15-bf34e41dcf06">Inhale...</content:text>
            </content:paragraph>
            <content:paragraph>
                <content:text i18n-id="27d8462f-d1bf-4766-b216-46a311e98e62">Surrender control of your life to Christ, and rely upon the Holy Spirit to fill you with His presence and power by faith, according to his command (Ephesians 5:18) and promise (1 John 5:14-15).</content:text>
            </content:paragraph>
        </card>
    </cards>

    <call-to-action>
        <content:text i18n-id="762387bf-0b85-4962-b5b2-8a493a25f60b">How does the Holy Spirit fill us with His power?</content:text>
    </call-to-action>
</page>
