<?xml version="1.0" encoding="UTF-8"?>
<page xmlns:content="https://mobile-content-api.cru.org/xmlns/content" xmlns="https://mobile-content-api.cru.org/xmlns/tract" background-image="kgp-tract-bkg-image-7_1x.jpg" background-image-scale-type="fill">
    <header>
        <title>
            <content:text i18n-id="0fd9adaf-cdba-45c5-81c4-5f7efa20e218">How can you be sure that all this has really happened?</content:text>
        </title>
    </header>
     <hero>
    <content:paragraph>
        <content:image resource="Web-kgp-unsure.png" restrictTo="web"/>
    </content:paragraph>
    </hero>
    

    <cards>
        <card>
            <label>
                <content:text i18n-id="fb9cc164-e14a-4a58-b6ec-f34d2b38e4ae">Jesus is in your life ...</content:text>
            </label>
            <content:paragraph>
                <content:text i18n-id="f0a21cfe-ceef-456b-963e-73301e0326ad">...because God has promised, and he can be trusted.</content:text>
                <content:text i18n-id="caaac9b4-8c0a-41c8-b1d8-ebcf5f3d396a">Thank God often that Jesus is in your life, and that he will never leave you.</content:text>
                <content:text i18n-id="8dc10789-3ce1-40cb-83cc-fb9f6995add2">Romans 8:38-39</content:text>
            </content:paragraph>
        </card>

        <card>
            <label>
                <content:text i18n-id="86baf970-534c-4572-9ec4-6bae9576c180">You have the Spirit of Christ</content:text>
            </label>
            <content:paragraph>
                <content:text i18n-id="a860d2ef-d295-4ed4-bb61-fa5e27464005">You can know that the Spirit of Christ lives in you and that you have eternal life from the moment you invited Jesus into your life, because this is what he has promised.</content:text>
            </content:paragraph>
            <content:paragraph>
                <content:text i18n-id="84cda5a7-6250-43a2-809b-c2ed0e95ac67">"And this is what God has testified: He has given us eternal life, and this life is in his Son. Whoever has the Son has life; whoever does not have God's Son does not have life. I have written this to you who believe in the name of the Son of God, so that you may know you have eternal life."</content:text>
                <content:text i18n-id="896a2688-4c05-46e7-b253-a2b41d644ce2">1 John 5:11-13</content:text>
            </content:paragraph>
        </card>

        <card>
            <label>
                <content:text i18n-id="aa82966a-a0a5-4c38-8693-6cc2f361fb50">Rely on God</content:text>
            </label>
            <content:paragraph>
                <content:text i18n-id="4afffabe-3392-46e1-a545-145a799f6e9c">Although feelings are valid and important, they don't determine what is true. A follower of Jesus lives by trusting in the reliability of God himself and what he has said.</content:text>
            </content:paragraph>
        </card>

        <card background-image="kgp-page-bkg-image-plane_1x.jpg" background-image-align="bottom">
            <label>
                <content:text i18n-id="47379433-1c4d-4abc-bf96-120c52e24574">Trust facts not feelings</content:text>
            </label>
            <content:paragraph>
                <content:text i18n-id="668f5455-9d31-419e-a2a7-59ba58fe9dc3">To be transported by an aeroplane, we must put our trust in the construction of the aircraft. Our feelings do not influence the fact that the plane will carry us.</content:text>
            </content:paragraph>
            <content:paragraph>
                <content:text i18n-id="1a37d575-79eb-4c28-9aaa-b1d7a10dcb4d">In the same way, we can rely on God and trust what he has promised in the Bible, and not depend on the way we feel.</content:text>
                     <content:image resource="Web-kgp-plane.png" restrictTo="web"/>
            </content:paragraph>
        </card>
    </cards>
    <call-to-action>
        <content:text i18n-id="64636042-ccea-427f-93fe-288651b576f6">So what comes next?</content:text>
    </call-to-action>
</page>
