<?xml version="1.0" encoding="UTF-8"?>
<page xmlns="https://mobile-content-api.cru.org/xmlns/tract" xmlns:content="https://mobile-content-api.cru.org/xmlns/content" background-image="new2.0.jpg" background-color="rgba(255,255,255,1)" card-text-color="rgba(50,50,50,1)" background-image-scale-type="fill" background-image-align="bottom">
    <hero>
        <heading>
            <content:text i18n-id="06daebb2-36c6-4a4c-a458-7da93340d01b">The Divine Gift</content:text>
        </heading>
         <content:paragraph>
        <content:image resource="Web-satisfied-tract-bkg-image-2_1x.png" restrictTo="web"/>
    </content:paragraph>
        <content:paragraph>
            <content:text i18n-id="42c03470-bc54-4e96-98eb-475bf8bf2b03">God has given us His Spirit so that we can experience intimacy with Him and enjoy all that He has for us.</content:text>
        </content:paragraph>
        <content:paragraph>
            <content:text i18n-id="108e9d2e-6865-4b13-8b0e-79090aca8c6c">The Holy Spirit is the source of our deepest satisfaction.</content:text>
        </content:paragraph>
    </hero>

    <cards>
        <card>
            <label>
                <content:text i18n-id="e56bfff7-8e11-453d-a816-b751f0b2e156">The Holy Spirit is God's...</content:text>
            </label>
            <content:paragraph>
                <content:text i18n-id="1bce670f-3a5c-4ccd-936a-262049fac207">...permanent presence with us.</content:text>
            </content:paragraph>
            <content:paragraph>
                <content:text i18n-id="e33fd2e5-df96-49ff-bd56-9de4242ed1ed">"Jesus said, 'I will ask the Father, and he will give you another Counselor to be with you forever - the Spirit of truth.'"

John 14:16-17</content:text>
            </content:paragraph>
        </card>

        <card>
            <label>
                <content:text i18n-id="c08044ea-df68-425e-b61c-8eeb350a3520">The Holy Spirit enables us...</content:text>
            </label>
            <content:paragraph>
                <content:text i18n-id="27164f05-daa5-401c-ac2d-24ecdfe73b06">...to understand...</content:text>
            </content:paragraph>
            <content:paragraph>
                <content:text i18n-id="4dae880d-34ee-450f-8743-b69a4941621e">"We have not received the spirit of the world but the Spirit who is from God, that we may understand what God has freely given us." (1 Corinthians 2:12)</content:text>
            </content:paragraph>
            <content:paragraph>
                <content:text i18n-id="e8dffc68-6ad0-43da-8f41-5aaabf4f580b">...and experience all God has given us.</content:text>
            </content:paragraph>
            <content:paragraph>
                <content:text i18n-id="7ef2d3f0-3908-474b-84d2-0fab8073e59e">- A genuine new spiritual life 
(John 3:1-8)
- The assurance of being a child of God (Romans 8:15, 16)
- The infinite love of God 
(Romans 5:5; Ephesians 3:18,19)</content:text>
            </content:paragraph>
        </card>

        <card>
            <label>
                <content:text i18n-id="5c29963b-baf9-449c-a2d1-82c9fed5122f">Life without the Spirit</content:text>
            </label>
             <content:paragraph>
                	<content:image resource="Web-satisfied-life-without-the-spirit.png" restrictTo="web"/>
            </content:paragraph>
            <content:paragraph>
            	<content:image resource="satisfied-life-without-the-spirit.png" restrictTo="mobile"/>
                <content:text i18n-id="1d9eb041-3db8-477f-a02e-08a1a1323e76">"The man without the Spirit does not accept the things that come from the Spirit of God, for they are foolishness to him, and he cannot understand them, because they are spiritually discerned." (1 Corinthians 2:14)</content:text>
            </content:paragraph>
        </card>

        <card>
            <label>
                <content:text i18n-id="4a943b48-0a8d-4ebd-8d8b-7c13ca0628b2">Life with the Spirit</content:text>
            </label>
            <content:paragraph>
                	<content:image resource="Web-satisfied-life-with-the-spirit-english.png" restrictTo="web"/>
            </content:paragraph>
            <content:paragraph>
				<content:image resource="satisfied-life-with-the-spirit-english.png" restrictTo="mobile"/>
                <content:text i18n-id="829e23f2-9409-4a02-a1af-4c624ffc83f0">"The spiritual man makes judgements about all things…we have the mind of Christ." 
(1 Corinthians 2:15-16)</content:text>
                <content:text i18n-id="7df4495b-3f37-4e30-b5df-21772c5aebef">"But those who are controlled by the Holy Spirit think about things that please the Spirit." (Romans 8:5, NLT)</content:text>
            </content:paragraph>
        </card>
    </cards>

    <call-to-action control-color="rgba(255,255,255,1)">
        <content:text i18n-id="fcee3f74-d7ee-480b-b7df-ba700fa84183" text-color="rgba(255,255,255,1)">Why are so many Christians not satisfied in their experience with God?</content:text>
    </call-to-action>
</page>
