<?xml version="1.0"?>
<manifest xmlns="https://mobile-content-api.cru.org/xmlns/manifest" xmlns:content="https://mobile-content-api.cru.org/xmlns/content" primary-color="rgba(59,164,219,1)" primary-text-color="rgba(255,255,255,1)" text-color="rgba(98,96,98,1)" navbar-color="rgba(0,0,0,0.3)" navbar-control-color="rgba(255,255,255,1)" tool="satisfied" locale="en" type="tract">
    <title>
        <content:text i18n-id="name">Satisfied?</content:text>
    </title>
<pages><page filename="1.xml" src="83af14d5f98c6fdf216602dea8a6535f2775292ac4fc14e5c6ea1f52f8f6fabb.xml"/><page filename="2.xml" src="ce466e930d0606a4a6c16b27dce173b6262d4ef3149f3b12acd4cefc964bc98f.xml"/><page filename="3.xml" src="586e4098158bca9e18771f070c45039e1110a1a11f387bd4694601a424f152ff.xml"/><page filename="4.xml" src="71b64989b1973441e9547da33bbf6cca097b98c7c3ee442c9a2d3de34ca34f60.xml"/><page filename="5.xml" src="81f505ab4b84242dbbe3c9ec358ce10789e61ed62c40450ba3f186f09f24c2fb.xml"/><page filename="6.xml" src="3c4445bc017571a2f50b6e06ee7d6fdf2a713e6d982525fcd2d940a85ca464b4.xml"/><page filename="7.xml" src="d9cd770ee26a6b9ea74ce1e0dcf6eeb6e55687483907d0ca3c60e589c686ede9.xml"/><page filename="8.xml" src="131a0011899fb99130a0d80fca71cb8874418cd3cc3d62a4f4654551151a452a.xml"/></pages><resources><resource filename="0.jpg" src="461cabda8c21cce20cb587f9bce4ca88181ae80655ac4a16aa00a191bcb9d976"/><resource filename="new1.0.jpg" src="ce2f681dc02e6f691ae4b84f382ebaaf962816f74eef454fd7b2d65646b6e8c2"/><resource filename="new2.0.jpg" src="d628833e1380bdcb852b765671cd2b3831fa08e58df0988d46d74b0cb10128fa"/><resource filename="satisfied-life-without-the-spirit.png" src="52937e4a51c39115c0a9f8242e8e3bc246e56e1632e04ad50ef7e84326be4df3"/><resource filename="satisfied-life-with-the-spirit-english.png" src="accbcf754467bb06313d243b8a9f0b9062885c2630e1d017eee5f7a78823a5f5"/><resource filename="new3.0.jpg" src="199751ca3c8698113d70d3cd5ca0e45816216c23fb0661c5ab42afc7d641dc8f"/><resource filename="satisfied-three-kinds-of-lifestyles.png" src="8a6565384a9614bb7c29eb0ae38d1bdfb63bee17865893b7b0052a15449bcf1c"/><resource filename="Satisfied4.jpg" src="a0f037f68396b7824b1d9f22e692565370c5c3d3dc45fbbddaded3e83977d03f"/><resource filename="satisfied-the-christ-centered-life-english.png" src="27159a5ad8b3d088862212c8cd63139214e06efbd4a823f409db9964f5cb88ae"/><resource filename="new5.0.jpg" src="96322e71f230abf56b401dd4aa7c08ec77299a32581e5cc66490cf11471c4d14"/><resource filename="Satisfied6.jpg" src="bf16ddc79f02b89ac9f7fb6cd5c7fe3d25460a8145a573ebbef713d1398550a7"/><resource filename="satisfied-trust-facts-not-feelings.png" src="6ec9a36367ac3ad5bc61561381d3e8513e15f234a2391e0c12075d95d9b6fa4f"/><resource filename="Satisfied7.jpg" src="94b365368f19e2ecf3cdad44c5647aaaf2198d48f91acf15f6c2f0280c2e0a44"/></resources></manifest>
