<?xml version="1.0" encoding="UTF-8"?>
<page xmlns="https://mobile-content-api.cru.org/xmlns/tract" xmlns:content="https://mobile-content-api.cru.org/xmlns/content" background-image="5tmts-goodexperience.jpg" background-image-scale-type="fill">
   
     <hero>
        <heading>
            <content:text i18n-id="abb7ba95-45cd-467c-8c31-52e5d29dc4cc" text-scale="1.3" text-color="rgba(90,90,90,1)">How do I help make it a good experience? </content:text>
        </heading>
         <content:paragraph>
                <content:text i18n-id="65452d03-428b-477f-87ed-53fdc849cee0">How we share with someone can make a big difference.</content:text>
            </content:paragraph>
            <content:paragraph>
                <content:text i18n-id="688ef0bf-51b9-42a7-86f4-946b81652b6b">Here are some tips that can help your conversation go smoothly. These will become more natural with time, so don’t feel like you need to have it all mastered to get started!</content:text>
            </content:paragraph>
    </hero>
    <cards>
        <card>
            <label>
                <content:text i18n-id="a7a66814-b801-4487-beb4-bed0e4ece940" text-color="rgba(59,164,219,1)">Listen</content:text>
            </label>
            <content:paragraph>
                <content:text i18n-id="c243a52f-7158-475c-91e0-38434945ce62">As you are having your conversation, it’s important to listen for understanding. Make sure you are not just waiting for your turn to speak, but really seeking to understand their story and point of view. People can sense if you have an agenda. Value getting to know them. Be empathetic.</content:text>
            </content:paragraph>
            <content:paragraph>
  <content:text i18n-id="6304b01d-cf1d-4264-a5b9-dc71e1b82324">Use telephone language (umhmm, yes, ok) and body language (lean forward, make eye contact, nod) to communicate that you are engaging with what they are saying.

Ask clarifying questions that help you understand their responses and also to find out if they are tracking with you. </content:text>
</content:paragraph>
        </card>
        <card>
            <label>
                <content:text i18n-id="204ae37a-3cda-42e3-948f-70ba76d1e14f" text-color="rgba(59,164,219,1)">Be authentic</content:text>
            </label>
            <content:paragraph>
                <content:text i18n-id="9ad4f061-5f1b-46c5-8385-44fbfdb05e42">Share honestly from your own life using everyday language.

Explain in your own words how God has changed your life. Sharing how you experience God can be a powerful testimony as people are seeking for what works in life more than just objective truth. </content:text>
            </content:paragraph>
        </card>
<card>
            <label>
                <content:text i18n-id="ba6dcbe4-1651-4e6c-a5af-ede9f4b4c479" text-color="rgba(59,164,219,1)">Practice</content:text>
            </label>
            <content:paragraph>
                <content:text i18n-id="e13def17-63ac-4b94-9ea2-296ffcfc1273">Feeling more comfortable when sharing your faith comes with practice. As you become more familiar with these conversations, your confidence will grow and so will your ability to speak naturally. You will learn by doing.</content:text>
            </content:paragraph>
            <content:paragraph>
                <content:text i18n-id="b9d6b4ef-6f3f-4ea0-ab42-a810590a104c">If you feel like you said the wrong thing or missed an opportunity, that is ok! Learn and adjust for next time. And remember that the results are in God’s hands.  You don’t have to get it perfect in order for God to use it. </content:text>
            </content:paragraph>
             <content:paragraph>
                <content:text i18n-id="c8b9df2a-8fe1-4941-934f-bc52b82ad39f" text-color="rgba(59,164,219,1)">"And my speech and my message were not in plausible words of wisdom, but in demonstration of the Spirit and of power, so that your faith might not rest in the wisdom of men but in the power of God." 1 Corinthians 2:4-5</content:text>
            </content:paragraph>

        </card>
<card>
            <label>
                <content:text i18n-id="9986a86d-2435-47d8-be00-3d220cea2c08" text-color="rgba(59,164,219,1)">Respond lovingly</content:text>
            </label>
            <content:paragraph>
                <content:text i18n-id="18f0b5b2-f88f-44b8-aaee-6bf90cf9920b">Approach your conversation with a non-competitive attitude. You are not trying to “win” an argument. No matter how someone responds, treat them with respect and make it safe for them to express their beliefs—even if they differ from yours. 

Conflict can actually give you an opportunity to learn more about the other person. Don’t let it scare you away. Let it move you toward them with a desire to understand where they are coming from. </content:text>
            </content:paragraph>
            <content:paragraph>
                <content:text i18n-id="0baa604c-f0ea-41d0-9dc8-96d345212808">If you don’t know an answer to a question that they ask, be honest and tell them you don’t know. Research and get back to them. 

Gauge their interest and don’t force more than they are ready to hear. </content:text>
            </content:paragraph>
              <content:paragraph>
                <content:text i18n-id="1ac0e69c-2245-4ba8-9ab5-03de888885a1" text-color="rgba(59,164,219,1)">"Let your conversation always be full of grace, seasoned with salt, so that you may know how to answer everyone." Colossians 4:6</content:text>
            </content:paragraph>
        </card>


    </cards>
     <call-to-action control-color="rgba(90,90,90,1)">
        <content:text i18n-id="311b8486-244f-40ef-af0d-3f35ed99237e">I can do that!
</content:text>
    </call-to-action>
   
</page>
