<?xml version="1.0" encoding="UTF-8"?>
<page xmlns="https://mobile-content-api.cru.org/xmlns/tract" xmlns:content="https://mobile-content-api.cru.org/xmlns/content" background-image="2tmts.jpg" background-image-scale-type="fill">
      <hero>
        <heading>
            <content:text i18n-id="08_phrase1" text-scale="1.3" text-color="rgba(90,90,90,1)">Any other ways to start spiritual conversations?</content:text>
        </heading>
         <content:paragraph>
                <content:text i18n-id="08_phrase2">Different people are ready for different types of conversations. Try these as another way of opening a door to talk about faith with someone.</content:text>
            </content:paragraph>
             <content:paragraph>
                <content:text i18n-id="08_phrase3">Ask out of sincerity, curiosity and love.</content:text>
            </content:paragraph>
    </hero>
    <cards>
        <card>
            <label>
                <content:text i18n-id="08_phrase4" text-color="rgba(59,164,219,1)">Share your faith story</content:text>
            </label>
            <content:paragraph>
                <content:text i18n-id="08_phrase27" text-color="rgba(59,164,219,1)">"Sing to him, sing praises to him; tell of all his wondrous works!" Psalm 105:2</content:text>
            </content:paragraph>
            <content:paragraph>
                <content:text i18n-id="08_phrase5">God has changed our lives. He did it when we began our relationship with Him, and He continues to do it as we walk with Him. </content:text>
            </content:paragraph>
             <content:paragraph>
                <content:text i18n-id="08_phrase6">Sharing how God has changed our lives is a powerful way to let others know that God is real. 

Take time to learn to tell your story. You can share about how you became a Christian and learn to tell everyday stories of ways you experience God.

Find common ground and talk about how God has made a difference in that area of life for you. </content:text>
            </content:paragraph>
          
             <content:paragraph restrictTo="mobile">
                <content:button type="url" url="https://www.cru.org/us/en/train-and-grow/share-the-gospel/evangelism-principles/how-to-tell-your-story-worksheet.html" color="rgba(59,164,219,1)">
                    
                	<content:text i18n-id="08_phrase25">Christian Testimony</content:text>
                </content:button>
            </content:paragraph>
         
            <content:paragraph>
             <content:paragraph>
                <content:button type="url" url="https://sites.google.com/cru.org/microtestimony/home" color="rgba(59,164,219,1)">
                    
                	<content:text i18n-id="08_phrase26">Everyday Faith Stories</content:text>
                </content:button>
            </content:paragraph>
            </content:paragraph>
        </card>
        <card>
            <label>
                <content:text i18n-id="08_phrase8" text-color="rgba(59,164,219,1)">Share a short film </content:text>
            </label>
            <content:paragraph>
                <content:text i18n-id="08_phrase9">Sharing a video with someone can be a great invitation to start talking about spiritual things. Fallingplates.com is one that illustrates the gospel in a compelling way.</content:text>
            </content:paragraph>
            <content:paragraph>
             <content:paragraph>
                <content:button type="url" url="https://www.youtube.com/watch?v=KGlx11BxF24" color="rgba(59,164,219,1)">
                    
                	<content:text i18n-id="08_phrase23">Falling Plates</content:text>
                </content:button>
            </content:paragraph>
            </content:paragraph>
            
              <content:paragraph>
                <content:text i18n-id="08_phrase10">You can find other short films to watch and share at the Jesus Film Project®. https://www.JesusFilm.org/watch.html

Under each video, there are discussion questions you can ask to help you continue your conversation with someone. 
These same short films are also in the Jesus Film Project® app.  </content:text>
            </content:paragraph>
            <content:paragraph>
             <content:paragraph>
                <content:button type="url" url="https://www.jesusfilm.org/watch/conversation-starters.html/english.html" color="rgba(59,164,219,1)">
                    
                	<content:text i18n-id="08_phrase24">Short Films</content:text>
                </content:button>
            </content:paragraph>
            </content:paragraph>
        </card>
<card>
            <label>
                <content:text i18n-id="08_phrase11" text-color="rgba(59,164,219,1)">Offer to pray for someone</content:text>
            </label>
            <content:paragraph>
                <content:text i18n-id="08_phrase12">Being a loving presence in someone's life is sometimes what people need in order to grow in openness towards spiritual things. </content:text>
            </content:paragraph>
             <content:paragraph>
                <content:text i18n-id="08_phrase13">As you live your everyday life, be aware of those around you and how you can express care for them or meet a need in their life. As God leads, you can offer to pray for someone as an expression of your care for them.</content:text>
            </content:paragraph>
             <content:paragraph>
                <content:text i18n-id="08_phrase14">Prayer example: "I'm glad we got to talk a little bit today. You've got a lot going on right now. Would you be okay if I took a minute to pray for you now?"</content:text>
                <content:image resource="TeachMetoShare_07_Pray.png"/>
            </content:paragraph>
        </card>
        <card>
            <label>
                <content:text i18n-id="08_phrase15" text-color="rgba(59,164,219,1)">Ask the sometime question</content:text>
            </label>
            <content:paragraph>
                <content:text i18n-id="08_phrase16">You know that God is working in the life of every person. This question allows you to express your interest in knowing more about the spiritual part of a person's life. Consider asking this:</content:text>
            </content:paragraph>
             <content:paragraph>
                <content:text i18n-id="08_phrase17">"Sometime, I'd like to hear about your spiritual journey ... would you be up for that?"</content:text>
            </content:paragraph>
             <content:paragraph>
                <content:text i18n-id="08_phrase18">If you don't like the phrasing of "spiritual journey", you can substitute it for something else like, "what you think about God" or "your faith background" or "your experience with Christianity". 

Set a time and have the conversation. </content:text>
                 
            </content:paragraph>
           
        </card>
<card>
            <label>
                <content:text i18n-id="08_phrase19" text-color="rgba(59,164,219,1)">Share an article</content:text>
            </label>
           <content:paragraph>
                <content:text i18n-id="08_phrase20">There is a tool in GodTools called Questions about God. It contains articles about common questions people ask about God, Jesus, and life. You can use the share icon in the top right of any article to post it on social media or text it to a friend.

If not in the app, you can find these articles at EveryStudent.com.</content:text>
            </content:paragraph>
             <content:paragraph>
                <content:text i18n-id="08_phrase21">Say something like, "I read this article and thought of you, I'd love to hear your thoughts on it." </content:text>
                <content:image resource="TeachMetoShare_07_Share2.png"/>
            </content:paragraph>
        </card>


    </cards>
     <call-to-action control-color="rgba(90,90,90,1)">
        <content:text i18n-id="08_phrase22">God, let's go!</content:text>
    </call-to-action>
    
</page>
