<?xml version="1.0" encoding="UTF-8"?>
<page xmlns="https://mobile-content-api.cru.org/xmlns/tract" xmlns:content="https://mobile-content-api.cru.org/xmlns/content" xmlns:analytics="https://mobile-content-api.cru.org/xmlns/analytics" background-image="7tmts-ready.jpg" background-image-scale-type="fill">
    <hero>
        <heading>
            <content:text i18n-id="5b289aaa-a130-4782-b5e4-9c1132e48bc2" text-scale="1.3" text-color="rgba(90,90,90,1)">You can do this!</content:text>
        </heading>
       <analytics:events>
      <analytics:event action="teachmetoshare-complete" system="appsflyer"/>
    </analytics:events>
 <content:paragraph>
                <content:text i18n-id="e9e8d09c-836f-4798-b01b-8f0e5aa8bc78">Next step: Ask God for an opportunity to try it today. </content:text>
            </content:paragraph>
           
            <content:paragraph>
                <content:text i18n-id="d15da33d-5392-4910-9152-0a462920ffb4">Let us know how it goes: support@godtoolsapp.com</content:text>
            </content:paragraph>
            <content:paragraph>
                <content:text i18n-id="f7dfb798-dffc-4329-a083-28ea3d618755">"How beautiful are the feet of those who bring good news!" (Romans 10:15)</content:text>
            </content:paragraph>
    </hero>
    
    <cards>
        <card>
            
            <label>
                <content:text i18n-id="b8a8867f-b17f-40a3-a905-a46feba12697" text-color="rgba(59,164,219,1)">Go Deeper</content:text>
            </label>
        <content:paragraph>
            <content:paragraph>
                <content:text i18n-id="ae7fae3d-e375-48e8-98f8-16b634042802">Want to go deeper in learning how to help others journey toward Christ? Download the My Cru App for access to a 28-day devotional called "Passages: Join Others on their Spiritual Journey". </content:text>
            </content:paragraph>
       </content:paragraph>
       <content:paragraph>
            <content:paragraph>
                <content:text i18n-id="25dc170a-7b72-4978-aac9-83a82b6fe4f7">It provides biblical motivation and training for sharing Christ with others. This will aid in breaking down walls and personal barriers to evangelism. 

Get Started today by downloading the My Cru App and accepting the invitation.</content:text>
            </content:paragraph>
            </content:paragraph>
               <content:paragraph>
             <content:paragraph>
            <content:button type="url" url="https://mycru.app.link/journeytogether" color="rgba(59,164,219,1)">
                <content:text i18n-id="bbf6a518-728c-4278-8900-56aaf02a0bfe">Download App</content:text>
            </content:button>
        </content:paragraph>
             </content:paragraph>
            
        </card>
        </cards>
</page>
