<?xml version="1.0" encoding="UTF-8"?>
<page xmlns="https://mobile-content-api.cru.org/xmlns/tract" xmlns:content="https://mobile-content-api.cru.org/xmlns/content" background-image="4tmts-whichtool.jpg" background-image-scale-type="fill">
    <hero>
        <heading>
            <content:text i18n-id="9499f56c-b104-4647-bcdb-c2f91ae35282" text-scale="1.3" text-color="rgba(90,90,90,1)">How do I get started?</content:text>
        </heading>
        <content:paragraph>
            <content:text i18n-id="9d245521-ac37-4291-83a7-9adda178d23d" text-scale="1.2">Remember: God is with you</content:text>
        </content:paragraph>
    </hero>
    <cards>
        <card>
            <label>
                <content:text i18n-id="c1270640-76e2-4c7b-bfc2-9f404bc4e786" text-color="rgba(59,164,219,1)">Focus on God</content:text>
            </label>
            <content:paragraph>
                <content:text i18n-id="69de04e5-efdb-4f33-8c54-0e2d4a8fad5a">It all starts with God. He is the Almighty One who loves people and created us to know Him. He is the one who changes hearts. He invites us to be His ambassadors and to share with others who He is. He loved us first and it is out of His love that we want to share His good news with others. </content:text>
            </content:paragraph>
            <content:paragraph>
                <content:text i18n-id="2cba851d-66b1-4343-b95b-5dd4ac8e194a">So where to begin? With a faith-filled focus on God. Abide in Him as you share, and listen for guidance from the Holy Spirit. </content:text>
            </content:paragraph>
            <content:paragraph>
                <content:image resource="Focus_on_God_1.0gt_tmts.png" restrictTo="mobile"/>
                <content:image resource="Focus_on_God_1.1.png" restrictTo="web"/>
            </content:paragraph>
                            
            <content:paragraph>
                <content:text i18n-id="b28d45f1-30cc-4c92-a827-72246741d0f4" text-color="rgba(59,164,219,1)">"Declare his glory among the nations, his marvelous works among all the peoples!" 
1 Chronicles 16:24</content:text>
            </content:paragraph>
            <content:paragraph>
                <content:text i18n-id="08ad0a4a-16d3-4dd2-ad71-352acbf0029c" text-color="rgba(59,164,219,1)">"But the Helper, the Holy Spirit, whom the Father will send in my name, he will teach you all things and bring to your remembrance all that I have said to you."  John 14:26</content:text>
            </content:paragraph>
        </card>
        <card>
            <label>
                <content:text i18n-id="fa2bc301-00e5-49a5-99c1-211d73b99f81" text-color="rgba(59,164,219,1)">Pray</content:text>
            </label>
            <content:paragraph>
                <content:text i18n-id="517e4bc0-ec59-4f74-b6af-4364fe94fdab">Talk with God about your desire to share and about the people He puts on your heart. </content:text>
                          </content:paragraph>
                           <content:paragraph>
                     <content:image resource="Pray_1.0gt_tmts.png" restrictTo="mobile"/>
                </content:paragraph>
                <content:paragraph>
                <content:image resource="Pray_1.1.png" restrictTo="web"/>
                </content:paragraph>
                          <content:paragraph>
                <content:text i18n-id="3e1b636d-6709-45ef-9dd2-1aff66ad2ef1">Dear God,</content:text>
                          </content:paragraph>
                          <content:paragraph>
                <content:text i18n-id="c7c10d45-c8e7-4ef4-8a6f-940b2aa6517e">I praise You! What a wonder You are! Please use me to demonstrate Your love and talk about it with others. 

Help me to see people with Your eyes and give me the words to say so that others might come to understand the good news of Jesus Christ. 

I ask and trust You to work in hearts and open eyes. May we see our need for You. No matter what happens, I leave the results in Your hands. 

Thanks that I have nothing to fear because You are with me.

Amen. </content:text>
                          </content:paragraph>
                          <content:paragraph>
                <content:text i18n-id="42553004-8060-4f26-bf2e-d19b388953e7" text-color="rgba(59,164,219,1)">"At the same time, pray also for us, that God may open to us a door for the word, to declare the mystery of Christ …" Colossians 4:3</content:text>
                          </content:paragraph>
        </card>
<card>
    <label>
         <content:text i18n-id="dad38b93-b5d1-40e7-bdee-bfa4073a86b5" text-color="rgba(59,164,219,1)">Define success</content:text>
    </label>
     <content:paragraph>
                <content:text i18n-id="d26e01fd-361e-479b-a8d9-5259adf1cb23">Successfully sharing your faith isn't about making someone believe. It's taking the initiative to share the gospel in the power of the Holy Spirit and leaving the results to God.</content:text>
                          </content:paragraph>
</card>

    </cards>
<call-to-action control-color="rgba(90,90,90,1)">
        <content:text i18n-id="de8e8858-6f02-4a01-9f98-bf27887e8d0e">God, You've got this!</content:text>
    </call-to-action>
</page>
