<?xml version="1.0"?>
<manifest xmlns="https://mobile-content-api.cru.org/xmlns/manifest" xmlns:content="https://mobile-content-api.cru.org/xmlns/content" primary-color="rgba(0,0,0,0.7)" primary-text-color="rgba(255,255,255,1)" text-color="rgba(90,90,90,1)" navbar-color="rgba(0,0,0,0.3)" navbar-control-color="rgba(255,255,255,1)">
    <title>
        <content:text i18n-id="9b0a0889-898e-4e90-a32c-0e20cde215dd">Four Spiritual Laws</content:text>
    </title>
<pages><page filename="01_Home.xml" src="9710e76a77b35dd0375de6f9f42cd3b657d9f4f37e9934cd4688e613656fffee.xml"/><page filename="02_FirstPoint.xml" src="fcb8c4d41ff4958d9698173ddd7603766a197553d10fbae0921c3634ccfaf631.xml"/></pages><resources><resource filename="laws-tract-bkg-image-8.jpg" src="fedd51055ce5ca6351d19f781601eb94192915597b4b023172acaab4fac04794"/><resource filename="laws-tract-bkg-image-1.jpg" src="1141677806e0a16b5ba6c1ad1d2fe9b6d55f8b04026b5e143c86391db67bf1ea"/><resource filename="laws-tract-bkg-image-2.jpg" src="3c93d006591cf6bd7ae6a271e793e7e4bb6ae05bba7a542b890da9aa843779f3"/><resource filename="laws-tract-bkg-image-3.jpg" src="b345284ce389a5d80c53b91afcc6d16d66f742e7128ee4a99065c48e98df4f0e"/><resource filename="laws-tract-bkg-image-4.jpg" src="a04c3da9760149fedd96f1a82b5b3113159a110f0750687de11956d773a7bb27"/><resource filename="laws-tract-bkg-image-4b.jpg" src="25f96c770f21afe142a9a8317c5a2c08629acc7ff373090616a6fd2c21e12f6e"/><resource filename="laws-tract-bkg-image-5.jpg" src="157e1820bb23d20cbb169902b41ae556c0684e7d7f7769373dc398ebe868d7ee"/><resource filename="laws-tract-bkg-image-5b.jpg" src="343495cd09ef4c161d0a6555a41f2b120269f63e6843de834da063dcdefb2480"/><resource filename="laws-tract-bkg-image-6.jpg" src="99ddb3b2b32446a8fe86476fdc8f4aad5a3491e864374ae66b1f8597129c5fd8"/><resource filename="laws-tract-bkg-image-7.jpg" src="8f0a5d2a8499ebac05eb7cdc96f2e666736d6e0ec50318f8f28e540e4a7bcedf"/></resources></manifest>
