<?xml version="1.0" encoding="UTF-8"?>
<page xmlns="https://mobile-content-api.cru.org/xmlns/tract" xmlns:content="https://mobile-content-api.cru.org/xmlns/content" background-image="laws-tract-bkg-image-1.jpg">
    <header>
        <number>
            <content:text>1</content:text>
        </number>
        <title>
            <content:text i18n-id="abdb2fc7-049c-4c24-9853-1ad59ac55e64">GOD LOVES YOU AND OFFERS A WONDERFUL PLAN FOR YOUR LIFE.</content:text>
        </title>
    </header>
    <cards>
        <card>
            <label>
                <content:text i18n-id="af82e3fd-b785-4363-9349-21a3e9f63645" text-color="rgba(59,164,219,1)">God's Love</content:text>
            </label>
            <content:paragraph>
                <content:text i18n-id="8602c78c-1795-4857-9195-026f69badf19">"For God so loved the world that He gave His one and only Son, that whoever believes in Him shall not perish but have eternal life."</content:text>
                <content:text i18n-id="1148c3e0-879f-4ba3-96a8-d4b48adf64b0">(John 3:16, NIV)</content:text>
            </content:paragraph>
        </card>
        <card>
            <label>
                <content:text i18n-id="f2abcea4-074e-4b1a-9c80-651adab20f1b" text-color="rgba(59,164,219,1)">God's Plan</content:text>
            </label>
            <content:paragraph>
                <content:text i18n-id="01278aca-0fc9-4bb4-bb50-a387d3b0fd21">[Christ speaking] "I came that they may have life, and have it abundantly" [that it might be full and meaningful].</content:text>
                <content:text i18n-id="681e6951-6be7-4956-ad03-b499d8415575">(John 10:10)</content:text>
            </content:paragraph>
        </card>
    </cards>
    <call-to-action>
        <content:text i18n-id="19d44e41-72ca-48f2-acad-c68b383a86e0">Why is it that most people 
are not experiencing the 
abundant life?  Because...</content:text>
    </call-to-action>
</page>
