<?xml version="1.0" encoding="UTF-8"?><document lang="en">
  <packagename gtapi-trx-id="45e65db9-957f-4ca5-b4ca-b60c4ce424c1" translate="true">Knowing God Personally</packagename>
  <page filename="4abe5c14-fa60-4ea5-83db-018b89090938.xml" gtapi-trx-id="33a0a915-a7ab-449f-aef4-f865e1298acb" thumb="PageThumb_01.png" translate="true">Home</page>
  <page filename="9af917f8-c789-4f77-b204-e3855f4b8991.xml" gtapi-trx-id="74b6fb6f-58ec-493e-84f3-4c9278245591" thumb="PageThumb_02.png" translate="true">1 God Loves You And Created You To Know Him Personally.</page>
  <page filename="0923b69f-bcf2-4d6d-886d-f1d42f265bbc.xml" gtapi-trx-id="c4378371-9a50-41ee-b4a5-c25bf2320674" thumb="PageThumb_03.png" translate="true">2 We Are Separated From God By Our Sin, So We Cannot Know Him Or Experience His Love.</page>
  <page filename="2f9c7684-9adb-456b-8664-3548cbd30a90.xml" gtapi-trx-id="73748239-12da-428c-bee1-fc043913f0c5" thumb="PageThumb_04.png" translate="true">3 Jesus Is God's Only Solution For Our Sin. Only Through Him Can We Know God And Receive His Love And Forgiveness.</page>
  <page filename="a054bab7-1738-4562-988d-60a72f13a5cf.xml" gtapi-trx-id="5edf976c-d224-458c-be94-96d215164eef" thumb="PageThumb_05.png" translate="true">4 We Must Each Respond To Jesus By Placing Our Trust In Him As Our Saviour And Lord. Only Then Can We Know God Personally.</page>
  <page filename="98dd2cab-fd52-4b0b-a612-02fca0e6d4ec.xml" gtapi-trx-id="3b9de2bb-9d9b-4bae-8ce2-973a98d33f22" thumb="PageThumb_06.png" translate="true">These Circles Describe Two Types Of People</page>
  <page filename="f5a1f372-a0e1-4ca6-a62c-5697cc5d540c.xml" gtapi-trx-id="affc37a2-c698-48dd-bde2-54dc35f04ece" thumb="PageThumb_07.png" translate="true">To Begin A Relationship With God, You Must Give Jesus Everything.</page>
  <page filename="a89d0432-2649-418c-a39e-cabb320aa2c5.xml" gtapi-trx-id="b2247102-96fa-43ca-a66b-a6c3ffb04ac0" listeners="prayer-page-not-today" thumb="PageThumb_08.png" translate="true">You Can Express Your Attitude Toward God Through Prayer.</page>
  <page filename="f7bf722a-b72e-4a41-ac9a-c3aecfa5fdf8.xml" gtapi-trx-id="2fdca489-1406-419c-b35b-5ade1afa9f7b" listeners="follow-up-no-thanks,follow-up-thank-you-done" thumb="PageThumb_09.png" translate="true">What Happens When You Put Your Trust In Jesus?</page>
  <page filename="f596272b-12cf-46a8-b12f-f48e5a53cd34.xml" gtapi-trx-id="a7e85fc6-b886-40f0-9665-033305f98bfc" thumb="PageThumb_10.png" translate="true">If You Asked Jesus Into Your Life As Saviour And Lord, Many Things Have Happened, Including:</page>
  <page filename="aea25c77-d56f-4ea7-ac0f-59611411dd22.xml" gtapi-trx-id="eae2cfdc-02c2-4333-9af4-413cf2c48e60" thumb="PageThumb_11.png" translate="true">How Can You Be Sure That All This Has Really Happened?</page>
  <page filename="a9064567-ed36-4f2d-bdad-c8c2a28ecdae.xml" gtapi-trx-id="89b68a73-1195-4205-b682-62942b3dc2c6" thumb="PageThumb_12.png" translate="true">How To Grow As A Follower Of Jesus</page>
  <page filename="b8f67a3b-715c-401b-9002-1f67d7f484ee.xml" gtapi-trx-id="6b7dc303-66a7-4abb-987b-636020e31b77" thumb="PageThumb_13.png" translate="true">Websites To Assist You</page>
  <about filename="c8224cfd-762c-4958-bf31-28b5126454fc.xml" gtapi-trx-id="0c41ea49-9905-46f0-bfa9-400d3807545c" translate="true">About</about>
  <instructions gtapi-trx-id="cc494223-8e9e-445e-aaa9-0982be68b65e" translate="true"/>
</document>