<?xml version="1.0" encoding="UTF-8"?>
<page xmlns="https://mobile-content-api.cru.org/xmlns/tract" xmlns:content="https://mobile-content-api.cru.org/xmlns/content" xmlns:analytics="https://mobile-content-api.cru.org/xmlns/analytics" background-image="kgp-tract-bkg-image-4_1x.jpg">
    <header>
        <number>
            <content:text>4</content:text>
        </number>
        <title>
            <content:text i18n-id="1bad3039-8523-4959-9d08-846ea749873a">We must each respond to Jesus by placing our trust in Him as our Saviour and Lord. Only then can we know God personally.</content:text>
        </title>
    </header>
     <hero>
    <content:paragraph>
        <content:image resource="Web-kgp-point-4.png" restrictTo="web"/>
    </content:paragraph>
    </hero>
    <cards>
        <card>
            <label>
                <content:text i18n-id="f2bb59eb-4921-4157-9ae4-27422cd88727">This response involves ...</content:text>
            </label>
            <content:paragraph>
                <content:text i18n-id="28a68eff-6a53-43bd-8464-bb217c41a8ad">- Agreeing</content:text>
                <content:text i18n-id="cf1d7e3e-02b7-4a0b-a1a2-96ecbad4e24d">with God that we are sinful and deciding to turn from our sin.</content:text>
            </content:paragraph>
            <content:paragraph>
                <content:text i18n-id="35525f3b-5fa8-405e-a67e-b67fc8eb95b3">- Trusting God</content:text>
                <content:text i18n-id="a4f50f2c-6d0d-4071-a3ef-521e86b28809">to forgive us completely because Jesus died for our sin.</content:text>
            </content:paragraph>
            <content:paragraph>
                <content:text i18n-id="7c973705-08f5-4521-8098-77abb07c2cf4">- Choosing</content:text>
                <content:text i18n-id="1d10c00d-7f6c-47a4-9083-0f4bcfd4790c">to follow Jesus; putting him first in our lives.</content:text>
            </content:paragraph>
        </card>
        <card>
            <label>
                <content:text i18n-id="286938f8-e627-4440-8c2e-f3f6d8f2bfa1">The relationship is personal</content:text>
            </label>
            <content:paragraph>
                <content:text i18n-id="c252e95d-6815-4ee2-9d3b-34497691bdbe">"But to all who believed him and accepted him, he gave the right to become children of God."</content:text>
                <content:text i18n-id="82564a55-938c-4d32-8209-dbcb5bdf04e9">John 1:12</content:text>
            </content:paragraph>
        </card>
        <card>
            <label>
                <content:text i18n-id="caab9e72-d960-4a34-9a57-750d1c77a69a">The relationship is a gift</content:text>
            </label>
            <content:paragraph>
                <content:text i18n-id="1ff0a490-5b3d-45b4-bd7e-635c6d89b08a">"God saved you by his grace when you believed. And you can't take credit for this; it's a gift from God... so none of us can boast about it."  Ephesians 2:8-9</content:text>
            </content:paragraph>
            <content:paragraph>
                <content:text i18n-id="ec410cc4-4eb3-441a-bd67-ad617cd805c6">"He saved us, not because of the righteous things we had done, but because of his mercy. He washed away our sins, giving us a new birth and new life."  Titus 3:5</content:text>
            </content:paragraph>
        </card>
        <card>
            <label>
                <content:text i18n-id="f79ea491-2487-4fbf-89bc-8d26d10e021d">We have a choice to make</content:text>
            </label>
            <content:paragraph>
                <content:text i18n-id="c6b7930d-4ce0-4b4c-b2d7-b6d796d91c25">These circles describe two types of people</content:text>
            </content:paragraph>
            <content:paragraph>
                <content:tabs>
                    <content:tab>
                        <content:label>
                            <content:text>1</content:text>
                        </content:label>
                        <analytics:events>
      <analytics:event action="KGP Circle Toggled" system="adobe">
        <analytics:attribute key="cru.toggleswitch" value="1"/>
      </analytics:event>
    </analytics:events>
<content:paragraph>
  <content:text i18n-id="5eec8a38-4e7b-483b-969b-1c70cd392732" text-align="center">Self-Directed Person</content:text>
</content:paragraph>
                        <content:image resource="kpg-self-directed-person.png" restrictTo="mobile"/>
                        <content:image resource="Web-kgp-Self-Directed.png" restrictTo="web"/>
                        <content:text i18n-id="12ed0c77-60e4-4a5e-9383-9224022bb256">People like this have never received Jesus into their lives. They remain guilty and cut off from God by their sin.</content:text>
                    </content:tab>
                    <content:tab>
                        <content:label>
                            <content:text>2</content:text>
                        </content:label>
                        <analytics:events>
      <analytics:event action="KGP Circle Toggled" system="adobe">
        <analytics:attribute key="cru.toggleswitch" value="1"/>
      </analytics:event>
    </analytics:events>
<content:paragraph>
  <content:text i18n-id="924dd4f5-626f-47c1-a279-4239ea288bf8" text-align="center">Christ-Directed Person</content:text>
</content:paragraph>

                        <content:image resource="kpg-christ-directed-person.png" restrictTo="mobile"/>
                        <content:image resource="Web-kgp-Christ-Directed.png" restrictTo="web"/>
                        <content:text i18n-id="bb67b904-4207-45d9-9473-d2e1d5a9abf4">People like this have received Jesus into their lives. They have been forgiven and experience God's love.</content:text>
                    </content:tab>
                </content:tabs>
            </content:paragraph>
<content:paragraph>
  <content:image resource="generic-divider-grey.png"/>
</content:paragraph>
<content:paragraph>
  <content:text i18n-id="a06405b4-0bc3-4587-b335-62c53d1c1c11">Which circle best describes you?
Which would you like to describe you?</content:text>
</content:paragraph>
        </card>
    </cards>
    <call-to-action>
        <content:text i18n-id="c1c29312-4a3c-4adb-84b1-a14d1507ca07">It's not enough just to know or feel that this is true.
We have a choice to make...</content:text>
    </call-to-action>
</page>
