<?xml version="1.0" encoding="UTF-8"?>
<page xmlns="https://mobile-content-api.cru.org/xmlns/tract" xmlns:content="https://mobile-content-api.cru.org/xmlns/content" background-image="kgp-tract-bkg-image-2_1x.jpg" background-image-scale-type="fill">
    <header>
        <number>
            <content:text>2</content:text>
        </number>
        <title>
            <content:text i18n-id="4b0da95a-13fa-44ce-8540-ed951dda6979">We are separated from God by our sin, so we cannot know Him or experience His love.</content:text>
        </title>
    </header>
     <hero>
    <content:paragraph>
        <content:image resource="Web-kgp-point-2.png" restrictTo="web"/>
    </content:paragraph>
    </hero>
    <cards>
        <card>
            <label>
                <content:text i18n-id="417a1866-7865-48b6-8144-9f5318e9d60d">What is sin?</content:text>
            </label>
            <content:paragraph>
                <content:text i18n-id="7743b4d5-3f48-4c69-8062-3e2216cc66a6">We were created to have a relationship with God but we rejected him and the relationship was broken.</content:text>
            </content:paragraph>
            <content:paragraph>
                <content:text i18n-id="f3a5855f-56cc-4af4-8220-eef262aac39c">This rejection of God and the building of our lives around anything else is what the Bible calls sin. We show this by having selfish actions and attitudes, by disobeying God or displaying indifference toward Him.</content:text>
            </content:paragraph>
        </card>
        <card background-image="kgp-page-bkg-image-everyone-is-sinful_1x.jpg" background-image-align="bottom">
            <label>
                <content:text i18n-id="81787028-e394-404e-a6ee-fd58caf571f6">Everyone is sinful</content:text>
            </label>
            <content:paragraph>
                <content:text i18n-id="03346729-5937-4bee-8f49-3511e473ffa0">"For everyone has sinned; we all fall short of God's glorious standard."</content:text>
                <content:text i18n-id="b59b8b23-53cd-4097-86e4-819c619abde2">Romans 3:23</content:text>
                </content:paragraph>
                <content:paragraph>
                     <content:image resource="Web-kgp-everyone-is-sinful.png" restrictTo="web"/>
                </content:paragraph>
        </card>
        <card>
            <label>
                <content:text i18n-id="19d02696-6124-4a1e-9183-15156f3c9bbb">Sin has consequences</content:text>
            </label>
            <content:paragraph>
                <content:text i18n-id="7f82556a-3890-487c-8c37-e498cb254285">"For the wages of sin is death, but the free gift of God is eternal life through Christ Jesus our Lord"  Romans 6:23.</content:text>
            </content:paragraph>
            <content:paragraph>
                <content:text i18n-id="28acdb15-948c-4cc1-a619-4dfc088ace38">God is perfect and just and will hold us accountable for our sin. There is a penalty for rejecting God.</content:text>
                 </content:paragraph>
                <content:paragraph>
                     <content:image resource="Web-kgp-graphic-sin-has-consequences-graphic-person-small.png" restrictTo="web"/>
                </content:paragraph>
           
<content:paragraph>
  <content:image resource="kgp-graphic-sin-has-consequences-graphic-person-small.jpg" restrictTo="mobile"/>
  <content:text i18n-id="5b2e6c17-6506-454e-8efa-aeeb2c49af70">▲ - Holy God  |  Sinful Man</content:text>
</content:paragraph>
            <content:paragraph>
                <content:text i18n-id="18b0b51d-37c6-498c-9dad-7556168b87f0">God is perfect and we are sinful. There is a great gap between us because of our sin.</content:text>
            </content:paragraph>
            <content:paragraph>
                <content:text i18n-id="8101324b-ef7f-4f3e-a2d5-21c52efc48a5">We may try to bridge this gap through good deeds or following a religion. However, all our efforts fail because they can't solve the problem of sin that keeps us from God.</content:text>
            </content:paragraph>
        </card>
    </cards>
    <call-to-action>
        <content:text i18n-id="69451881-ebca-4317-8a53-38f40aa8197d">The third point gives us the only solution to this problem...</content:text>
    </call-to-action>
</page>
