<?xml version="1.0"?>
<manifest xmlns="https://mobile-content-api.cru.org/xmlns/manifest" xmlns:content="https://mobile-content-api.cru.org/xmlns/content" primary-color="rgba(59,164,219,1)" primary-text-color="rgba(255,255,255,1)" navbar-color="rgba(0,0,0,0)" navbar-control-color="rgba(150,150,150,1)" background-image="kgp-tract-bkg-image-9_1x.jpg">
    <title>
        <content:text i18n-id="name">Knowing God Personally</content:text>
    </title>
<pages><page filename="01_Home.xml" src="67b7c3d321c94ff23bc585d15ee8e7f15c7cec493c8074973b251053977d5ecb.xml"/><page filename="02_FirstPoint.xml" src="c7c6fedbbe78582e91ff20356e2895c73c7d40d58f7be0e1b41804d03559fa29.xml"/><page filename="03_SecondPoint.xml" src="1009a58f2cf1aaf599700a8e829ea8ef22b07e8e3f8c7cce0fcbd3f4dcf026e5.xml"/><page filename="04_ThirdPoint.xml" src="f8c6768642919fad2b53ee7d93e4a8f72c16c49d29b06fc79026cc61cab98ede.xml"/><page filename="05_FourthPoint.xml" src="887f298e2ec33e02380896202d2a698a6eaae38e6c46dcf18f5b89a3d64f26f0.xml"/><page filename="07_AttitudeOfYourHeart.xml" src="182b3f5c0d52f46770341c79fd308c68db5105de8194200beded21041eabfbc4.xml"/><page filename="09_WhatHappens.xml" src="e5c8af83c25a78ae218c9e943c672e12db6cdee03776a45913a8c7ec93b99180.xml"/><page filename="11_HowCanYouBeSure.xml" src="82f3f924db43b505122f065bc823270d959fbcefa7bf4d4499662eb1e190a561.xml"/><page filename="12_HowToGrow.xml" src="47173f895f6c4545cca7ed600d5b079407649ab5c5f51d08364253b7a0109e02.xml"/><page filename="13_FinalPage.xml" src="ffd52b08f2457bf330f26012ba35d64b6136b7eae84e77963b8222d70e2bf63c.xml"/></pages><resources><resource filename="kgp-image-christ-directed.png" src="58d11ade8326f3d9c165b7493aab832cee043a02b8269147f1a0b348ba2b007b"/><resource filename="kgp-page-bkg-image-growth-1_1x.jpg" src="ad6ab3f1f1ecb37c706172a27687e3637c889e52d2078677e7224dee8a759372"/><resource filename="kgp-page-bkg-image-growth-2_1x.jpg" src="2e75693d8650bc8ab474a5ad9f3a599e7f176e6c9297a49876435324319086f0"/><resource filename="kgp-page-bkg-image-growth-3_1x.jpg" src="a0261e25c1b014f62f5f78febbf03d6060cf1df09049a96bfe1e0e0fbd88e1fc"/><resource filename="kgp-page-bkg-image-growth-4_1x.jpg" src="d8ec986e90ae19f779b61077e9dce76edbdcdb1ad9048ad0cffe355b077f8a78"/><resource filename="kgp-page-bkg-image-growth-5_1x.jpg" src="809260cdf807fd22f6db8a698eb042794114847a9c1023bfabe1062c833695a9"/><resource filename="kgp-page-bkg-image-growth-6_1x.jpg" src="d1c1c28400a46a091077c6763e186ec53c320e8696e9e693e02c707817107737"/><resource filename="kgp-page-bkg-image-hands_1x.jpg" src="bee86764814fe23046dc582ad86caf0e260847c2bf89b396b48390fc3beae45d"/><resource filename="kgp-page-bkg-image-people_1x.jpg" src="f2a6b497d67ca7a7165358c624327b8ea102b74088f060b387741072054ee25f"/><resource filename="kgp-page-bkg-image-plane_1x.jpg" src="17ce33f516b0b5316503e7d887ba3ff0789748289c1f473181ccc1c2d77868d9"/><resource filename="kgp-tract-bkg-image-1_1x.jpg" src="8ac297f0635cadde00240745637b83c255e18bf3fab0d6639de0b0a82f0ba2f3"/><resource filename="kgp-tract-bkg-image-2_1x.jpg" src="c49e3c64a089f32ef89bc38a9c55bccfdebee7e5396d7c2a8ff15f9be7ba3523"/><resource filename="kgp-tract-bkg-image-3_1x.jpg" src="8ae8dcf98a10bfd136d8e214449c08384c2e08dadcedce5f2baf3d7dbdc238d3"/><resource filename="kgp-tract-bkg-image-4_1x.jpg" src="24881e5ad3c11ef5bf728e795689973ead1a6fbfd79bf768e769a61d365be02b"/><resource filename="kgp-tract-bkg-image-5_1x.jpg" src="27a79e316b6c9308acb7b0058b2b6a271310e448a70380fc0c4d644f51d4e166"/><resource filename="kgp-tract-bkg-image-6_1x.jpg" src="092d0da81686bc00339350483494705d290e901802bb2ff89dec37ee270f7bd5"/><resource filename="kgp-tract-bkg-image-8_1x.jpg" src="61dfdbd4859460d9d7e06a7ce4bf76380a84662c0525df4776a41d74e78c1685"/><resource filename="kgp-tract-bkg-image-7_1x.jpg" src="344c74b735c5abb1f85f658aaaf8c2209147cdaf5f9641d00acc497d748d79e2"/><resource filename="kgp-tract-bkg-image-0_1x.jpg" src="ab21203b684c681813c13fdb3318d8bb3f4bf02a4d8527fa61c24a8ae22b6af2"/><resource filename="kgp-tract-bkg-image-9_1x.jpg" src="d4ee8bcde434b4e075b338d914f9998fc171b72d30bed57de398c4919e8ea7d3"/><resource filename="kgp-page-image-card-divider_1x.png" src="035136f7e8579926e5e2acca5fc93843abe3600a1423bb1ce9639099e4f08aa2"/><resource filename="kgp-image-self-directed.png" src="caa2f0cf497e76628a54c4f0cc36c5bcd0cfa13cfcd9120d46732b5406e92083"/></resources></manifest>
