<?xml version="1.0" encoding="UTF-8"?><page buttons="3" color="#57324D" tnt-trx-ref-value="" tnt-trx-translated="" translate="" watermark="90458873df4460124f51a61d5e22e2c3d021a739.png">
  <title>
    <number>4</number>
    <heading gtapi-trx-id="1bad3039-8523-4959-9d08-846ea749873a" translate="true">WE MUST EACH RESPOND TO JESUS BY PLACING OUR TRUST IN HIM AS OUR SAVIOUR AND LORD. ONLY THEN CAN WE KNOW GOD PERSONALLY.</heading>
  </title>
  <button>
    <buttontext gtapi-trx-id="f2bb59eb-4921-4157-9ae4-27422cd88727" translate="true">This Response Involves ...</buttontext>
    <panel>
      <text gtapi-trx-id="28a68eff-6a53-43bd-8464-bb217c41a8ad" modifier="bold" translate="true">- Agreeing</text>
      <text gtapi-trx-id="cf1d7e3e-02b7-4a0b-a1a2-96ecbad4e24d" translate="true" xoffset="10" yoffset="-4">with God that we are sinful and deciding to turn from our sin.</text>
      <text gtapi-trx-id="35525f3b-5fa8-405e-a67e-b67fc8eb95b3" modifier="bold" translate="true">- Trusting God</text>
      <text gtapi-trx-id="a4f50f2c-6d0d-4071-a3ef-521e86b28809" translate="true" xoffset="10" yoffset="-4">to forgive us completely because Jesus died for our sin.</text>
      <text gtapi-trx-id="7c973705-08f5-4521-8098-77abb07c2cf4" modifier="bold" translate="true">- Choosing</text>
      <text gtapi-trx-id="1d10c00d-7f6c-47a4-9083-0f4bcfd4790c" translate="true" xoffset="10" yoffset="-4">to follow Jesus; putting him first in our lives.</text>
    </panel>
  </button>
  <button>
    <buttontext gtapi-trx-id="286938f8-e627-4440-8c2e-f3f6d8f2bfa1" translate="true">The Relationship Is Personal</buttontext>
    <panel>
      <text gtapi-trx-id="c252e95d-6815-4ee2-9d3b-34497691bdbe" size="90">"But to all who believed him and accepted him, he gave the right to become children of God."</text>
      <text gtapi-trx-id="82564a55-938c-4d32-8209-dbcb5bdf04e9" size="90" textalign="right" translate="true">- John 1:12</text>
    </panel>
  </button>
  <button>
    <buttontext gtapi-trx-id="caab9e72-d960-4a34-9a57-750d1c77a69a" translate="true">The Relationship Is a Gift</buttontext>
    <panel>
      <text gtapi-trx-id="1ff0a490-5b3d-45b4-bd7e-635c6d89b08a" size="90" translate="true">"God saved you by his grace when you believed. And you can't take credit for this; it's a gift from God... so none of us can boast about it"  Ephesians 2:8-9.</text>
      <text gtapi-trx-id="ec410cc4-4eb3-441a-bd67-ad617cd805c6" size="90" translate="true">"He saved us, not because of the righteous things we had done, but because of his mercy. He washed away our sins, giving us a new birth and new life"  Titus 3:5.</text>
    </panel>
  </button>
  <question gtapi-trx-id="c1c29312-4a3c-4adb-84b1-a14d1507ca07" size="90" translate="true">It's not enough just to know 
or feel that this is true.
We have a choice to make...</question>
</page>