<?xml version="1.0" encoding="UTF-8"?><page buttons="3" color="#7EB14F" shadows="no" tnt-trx-ref-value="" tnt-trx-translated="" translate="">
  <title mode="plain">
    <subheading gtapi-trx-id="8213a9a8-6886-49e9-8736-d7717c6b3802" size="118" textalign="left" translate="true">If this app has helped you, please share it with someone else, so that others may come to Know God Personally.</subheading>
  </title>
  <text gtapi-trx-id="43a9fbc2-0e30-4480-b182-0f2e2aff684b" size="112" textalign="center" translate="true" y="140">You can share it via our website:</text>
  <button gtapi-trx-id="02d7ba84-d83e-4a09-b90f-5e29490c2d15" mode="url" tnt-trx-ref-value="www.ccca.org.au/app/" tnt-trx-translated="true" translate="true" y="165">www.godtoolsapp.com</button>
  <text gtapi-trx-id="0d98981f-3ff1-4a2e-ba7c-041546047a78" size="82" textalign="center" tnt-trx-ref-value="? 2010 Campus Crusade for Christ, Inc. and Bright Media Foundation all rights reserved. Created by Campus Crusade for Christ, Australia. No part of this app may be changed in any way or reproduced in any form without written permission from the publisher." tnt-trx-translated="true" translate="true" y="235">© 2016 Cru and/or Bright Media Foundation. All rights reserved.  No part of this app may be changed in any way or reproduced in any form without written permission from Cru.</text>
  <text gtapi-trx-id="4b3c85e2-085a-43d7-8fd0-c76bfcc08fc8" modifier="bold" size="94" textalign="center" tnt-trx-ref-value="Campus Crusade for Christ Australia" tnt-trx-translated="true" translate="true" x="15" y="370">Cru</text>
  <!--<button mode="phone" y="400" translate="true">+61-3-9014-7584</button>-->
  <button gtapi-trx-id="0de04d69-c66c-4a75-a3f9-c5b883a17e38" mode="email" tnt-trx-ref-value="resources@ccca.org.au" tnt-trx-translated="true" translate="true" y="400">support@godtoolsapp.com</button>
  <button gtapi-trx-id="10a74b88-b99a-4873-8f21-874a30a9218f" mode="url" tnt-trx-ref-value="www.ccca.org.au" tnt-trx-translated="true" translate="true" y="450">www.godtoolsapp.com</button>
  <text gtapi-trx-id="4b64a043-26cf-4344-97cd-059da9088ac5" size="82" textalign="center" translate="true" y="520">All Bible references are from the New Living Translation.</text>
</page>