<?xml version="1.0" encoding="UTF-8"?>
<page xmlns="https://mobile-content-api.cru.org/xmlns/tract" xmlns:content="https://mobile-content-api.cru.org/xmlns/content" background-image="laws-tract-bkg-image-6.jpg" background-image-scale-type="fill">
    <hero>
        <heading>
            <content:text i18n-id="5d752762-ccd9-4bff-b5af-50dc164c27e2" text-color="rgba(90,90,90,1)">Now that you have received Christ</content:text>
        </heading>
         <content:paragraph>
        <content:image resource="Web-Yellow1.2-laws-tract-bkg-image.png" restrictTo="web"/>
    </content:paragraph>
        
<content:paragraph>
            <content:text i18n-id="628af499-ee4d-41f4-ad13-2b7404128b02">The moment you received Christ by faith, as an act of the will, many things happened, including the following:</content:text>
        </content:paragraph>
    </hero>
    <cards>
        <card>
            <label>
                <content:text i18n-id="ce4d73ae-eae9-4ad1-b75f-5cf467bf0b1b" text-color="rgba(59,164,219,1)">Christ came into your life</content:text>
            </label>
            <content:paragraph>
                <content:text i18n-id="ce80b468-1f47-405e-b4df-b3f17d3c5917">Revelation 3:20 and Colossians 1:27</content:text>
                            </content:paragraph>
        </card>
        <card>
            <label>
                <content:text i18n-id="b78fe8ac-800d-4c9c-8f58-720685ad52c5" text-color="rgba(59,164,219,1)">Your sins were forgiven</content:text>
            </label>
            <content:paragraph>
                <content:text i18n-id="75179d85-6fd4-4470-b988-63a46b3c5a41">Colossians 1:14</content:text>
                          </content:paragraph>
        </card>
<card>
            <label>
                <content:text i18n-id="441ed36e-4ae1-483b-b367-c17f7a6adb4d" text-color="rgba(59,164,219,1)">You became a child of God</content:text>
            </label>
            <content:paragraph>
                <content:text i18n-id="bdd7d7ed-d61f-4f66-baee-e0596a5084c0">John 1:12</content:text>
               
            </content:paragraph>
        </card>
<card>
            <label>
                <content:text i18n-id="43e2d065-da26-4aab-845c-9218d0783f36" text-color="rgba(59,164,219,1)">You received eternal life</content:text>
            </label>
            <content:paragraph>
                <content:text i18n-id="581a6b5d-6674-404d-979b-74f35da8b7c4">John 5:24</content:text>
               
            </content:paragraph>
        </card>
<card>
            <label>
                <content:text i18n-id="c8367e87-901c-4196-bef7-5073bbd350f0" text-color="rgba(59,164,219,1)">You began the great adventure...</content:text>
            </label>
            <content:paragraph>
                <content:text i18n-id="8ce2b3fa-848d-457c-a447-98a6181ffa67">...for which God created you</content:text>
                <content:text i18n-id="f1cdce10-eae2-45b6-9e1b-f025e32811d7">John 10:10;
2 Corinthians 5:17; 
1 Thessalonians 5:18</content:text>
            </content:paragraph>
             <content:paragraph>
           
                <content:text i18n-id="18787c88-3b76-4cf9-a836-393bee4d1e0f">Can you think of ...</content:text>
                <content:text i18n-id="8e5c37e2-50ad-4175-aeff-be8cf80232cb">... anything more wonderful that could happen to you than receiving Christ?  Would you like to thank God in prayer right now for what He has done for you?  By thanking God, you demonstrate your faith.</content:text>
            </content:paragraph>
        </card>

    </cards>
<call-to-action>
        <content:text i18n-id="ea3dba44-0a91-4b06-b7a8-a3b6323339da">To enjoy your new life 
to the fullest...</content:text>
    </call-to-action>
</page>
