<?xml version="1.0"?>
<manifest xmlns="https://mobile-content-api.cru.org/xmlns/manifest" xmlns:content="https://mobile-content-api.cru.org/xmlns/content" primary-color="rgba(0,0,0,0.7)" primary-text-color="rgba(255,255,255,1)" text-color="rgba(90,90,90,1)" navbar-color="rgba(0,0,0,0.3)" navbar-control-color="rgba(255,255,255,1)" tool="fourlaws" locale="en" type="tract">
    <title>
        <content:text i18n-id="name">Four Spiritual Laws</content:text>
    </title>
<pages><page filename="01_Home.xml" src="c3ed233833733bee35f43218b936c4efd85eedc3bf0e166ceb2c7ffb0bfa3275.xml"/><page filename="02_FirstPoint.xml" src="30c4fc4d6cf1ecd57d5aebf36c0739e771ea8e98bb623c30cfd24ae386051d0d.xml"/><page filename="03_SecondPoint.xml" src="e276a367e6b0fba6e7f6959b38129ff05c8113f2e6a2ab7cf64967512c49eef8.xml"/><page filename="04_ThirdPoint.xml" src="04de091cfc77a81eea185f684bb122c7ff22fc88338df6c67fc7ecb8d24a5d7f.xml"/><page filename="05_FourthPoint.xml" src="f902e063d7c200d6c35871f26e5a4e12749dcfa978663a8d5e5d6737cfe6448c.xml"/><page filename="06_TwoCircles.xml" src="d288d9b945c9ce488b70a0d751302e064ea65d986d0e3c3702782e417e61bfec.xml"/><page filename="07_SuggestedPrayer.xml" src="d2832275f917d98667ee6f6cc9f12c832177a635e7706d0b6a3868a3d96e6eb4.xml"/><page filename="08_HowCanYouBeSure.xml" src="e4c2f35948c08b479ace8e45dbf30adcbb936c6395214f50e36915857105da08.xml"/><page filename="09_WhatHappens.xml" src="64816eec5440699960b7ef79da708f85f23f8d12216f548e3b2fd853572c429a.xml"/><page filename="10_HowToGrow.xml" src="78eed0f58274c802d04512bdf7256fcb25defc5b1e430b987cca9f60e8d3f379.xml"/><page filename="10b_ChurchFellowship.xml" src="f64aab5bbe2596ce1e971862b77866a6a00f83bb330091cb1e356a9139a88cfd.xml"/><page filename="11_FinalPage.xml" src="4321fe510cbb28810db87746b32b6d2fe337ce3575ace1b943923d25825a107f.xml"/></pages><resources><resource filename="laws-tract-bkg-image-8.jpg" src="fedd51055ce5ca6351d19f781601eb94192915597b4b023172acaab4fac04794"/><resource filename="laws-tract-bkg-image-1.jpg" src="1141677806e0a16b5ba6c1ad1d2fe9b6d55f8b04026b5e143c86391db67bf1ea"/><resource filename="laws-tract-bkg-image-2.jpg" src="3c93d006591cf6bd7ae6a271e793e7e4bb6ae05bba7a542b890da9aa843779f3"/><resource filename="kgp-graphic-sin-has-consequences-graphic-person-small.jpg" src="281afc1fdb71befed204181814fbc6dffaef12920e54b9b2177143e3cb809a5c"/><resource filename="laws-tract-bkg-image-3.jpg" src="b345284ce389a5d80c53b91afcc6d16d66f742e7128ee4a99065c48e98df4f0e"/><resource filename="kgp-graphic-god-proves-his-love-person-small.jpg" src="9cfd6e11abbe23c6aef91e54cb30e882f01dd19ad12de543004e1e87ad632b66"/><resource filename="laws-tract-bkg-image-4.jpg" src="a04c3da9760149fedd96f1a82b5b3113159a110f0750687de11956d773a7bb27"/><resource filename="laws-self-directed-life.png" src="475689a7ca5a21f44a61e130cf6bc78d302d563cc9fb6fb285ce839073331203"/><resource filename="laws-christ-directed-life.png" src="a9bcd4bafa3c3b370c65aca5a0e108dd1b69b5783a21c4271bd124aeb733fcbc"/><resource filename="laws-tract-bkg-image-5.jpg" src="157e1820bb23d20cbb169902b41ae556c0684e7d7f7769373dc398ebe868d7ee"/><resource filename="generic-divider-grey.png" src="035136f7e8579926e5e2acca5fc93843abe3600a1423bb1ce9639099e4f08aa2"/><resource filename="laws-tract-bkg-image-6.jpg" src="99ddb3b2b32446a8fe86476fdc8f4aad5a3491e864374ae66b1f8597129c5fd8"/><resource filename="laws-do-not-depend-on-feelings.png" src="1312e2c6565051b4218b58a54bf184d010e92a5c2bbe4a717d4403346fd39225"/><resource filename="laws-tract-bkg-image-7.jpg" src="8f0a5d2a8499ebac05eb7cdc96f2e666736d6e0ec50318f8f28e540e4a7bcedf"/></resources></manifest>
