<?xml version="1.0" encoding="UTF-8"?>
<page xmlns="https://mobile-content-api.cru.org/xmlns/tract" xmlns:content="https://mobile-content-api.cru.org/xmlns/content" background-image="laws-tract-bkg-image-4.jpg" background-image-scale-type="fill">
    <header>
        <title>
            <content:text i18n-id="f65b2688-f83a-4121-8c82-57f9e889586b">THESE TWO CIRCLES REPRESENT TWO KINDS OF LIVES.</content:text>
        </title>
    </header>
    <hero>
    <content:paragraph>
        <content:image resource="Web-Blue-laws-tract-bkg-image.png" restrictTo="web"/>
    </content:paragraph>
    </hero>
    <cards>
        <card>
            <label>
                <content:text i18n-id="01d03eb0-56f2-488e-abb2-c688cea52cf1" text-color="rgba(59,164,219,1)">Self-Directed Life</content:text>
            </label>
			<content:paragraph>
				<content:image resource="laws-self-directed-life.png" restrictTo="mobile"/>
				<content:image resource="Web-laws-self-directed-life.png" restrictTo="web"/>
				<content:text i18n-id="b5c91ec7-6c1b-4090-83fb-ac1e07590101">Self is on the throne.</content:text>
				<content:text i18n-id="001f5c24-aabd-483b-ab6c-b9e064a09375">† - Christ is outside the life.</content:text>
				<content:text i18n-id="8906846a-09d9-4cd3-83fd-879d59e20b62">o - Interests are directed by self, often resulting in discord and frustration.</content:text>
			</content:paragraph>
        </card>
        <card>
            <label>
                <content:text i18n-id="f4d5bc34-ad41-415b-af49-0e1a8d9529e1" text-color="rgba(59,164,219,1)">Christ-Directed Life</content:text>
            </label>
			<content:paragraph>
				<content:image resource="laws-christ-directed-life.png" restrictTo="mobile"/>
					<content:image resource="Web-laws-christ-directed-life.png" restrictTo="web"/>
                <content:text i18n-id="db583108-9103-4819-b351-8bffb74bba8c">† - Christ is in the life and on the throne.</content:text>
                <content:text i18n-id="24b57ef6-b963-4b44-ac98-4f1af8f82d55">Self is yielding to Christ.</content:text>
				<content:text i18n-id="f45a6a36-dd42-468a-9dbb-f704788a806d">o - Interests are directed by Christ, resulting in harmony with God's plan.</content:text>
			</content:paragraph>
			<content:paragraph>
				<content:text i18n-id="f5322d88-80e2-4da9-8ae3-6af2f464a30d">Which circle best represents your life?</content:text>
				<content:text i18n-id="8b7f7645-fb10-4e50-8986-cd88503d2e67">Which circle would you like to have represent your life?</content:text>
			</content:paragraph>
        </card>
    </cards>
    <call-to-action>
        <content:text i18n-id="c0775670-8920-4b66-8cc9-c4a6bc87656d">The following explains how you can receive Christ ...</content:text>
    </call-to-action>
</page>
