<?xml version="1.0" encoding="UTF-8"?>
<page xmlns="https://mobile-content-api.cru.org/xmlns/tract" xmlns:content="https://mobile-content-api.cru.org/xmlns/content" background-image="2tmts.jpg" background-image-scale-type="fill">
      <hero>
        <heading>
            <content:text i18n-id="08_phrase1" text-scale="1.3" text-color="rgba(90,90,90,1)">How else can I start spiritual conversations?</content:text>
        </heading>
         <content:paragraph>
                <content:text i18n-id="08_phrase2">Different people are ready for different types of conversations. Try these ways of opening a door to talk about faith with someone. </content:text>
            </content:paragraph>
             <content:paragraph>
                <content:text i18n-id="08_phrase3">Being genuinely curious, sincere and loving is always the best approach.</content:text>
            </content:paragraph>
    </hero>
    <cards>
        <card>
            <label>
                <content:text i18n-id="08_phrase4" text-color="rgba(59,164,219,1)">Share your faith story</content:text>
            </label>
            <content:paragraph>
                <content:text i18n-id="08_phrase27" text-color="rgba(59,164,219,1)">"Sing to him; yes, sing his praises. Tell everyone about his wonderful deeds." Psalm 105:2</content:text>
            </content:paragraph>
            <content:paragraph>
                <content:text i18n-id="08_phrase5">God changed our lives when we began our relationship with him. He continues changing us as we walk with him.</content:text>
            </content:paragraph>
             <content:paragraph>
                <content:text i18n-id="08_phrase6">Sharing how God transforms our lives is a powerful way to let others know God is real.

Take time to learn to tell your story. You can talk about how you became a Christian and learn to tell everyday stories of how you experience God.

Find common ground and talk about how God makes a difference in that area of life for you.</content:text>
            </content:paragraph>
          
        
             <content:paragraph restrictTo="mobile">
                <content:button type="url" url-i18n-id="08_phrase28" icon="Vectorexitlink-white-2.png" icon-gravity="end" color="rgba(59,164,219,1)" url="https://www.cru.org/us/en/train-and-grow/share-the-gospel/evangelism-principles/how-to-tell-your-story-worksheet.html">
                    
                	<content:text i18n-id="08_phrase25">Christian testimony</content:text>
                </content:button>
            </content:paragraph>
         
            
             <content:paragraph>
                <content:button type="url" url-i18n-id="08_phrase29" icon="Vectorexitlink-white-2.png" icon-gravity="end" color="rgba(59,164,219,1)" url="https://sites.google.com/cru.org/microtestimony/home">
                    
                	<content:text i18n-id="08_phrase26">Everyday faith stories</content:text>
                </content:button>
            </content:paragraph>
        
            
        </card>
        <card>
            <label>
                <content:text i18n-id="08_phrase8" text-color="rgba(59,164,219,1)">Share a short film </content:text>
            </label>
            <content:paragraph>
                <content:text i18n-id="08_phrase9">Sharing a video with someone can be a great invitation to start talking about spiritual things. “Falling Plates” is a short, compelling film that illustrates the gospel.
</content:text>
            </content:paragraph>
            <content:paragraph>
             <content:paragraph>
                <content:button type="url" url-i18n-id="08_phrase31" icon="Vectorexitlink-white-2.png" icon-gravity="end" color="rgba(59,164,219,1)" url="https://www.fallingplates.com/en#!/player">
                    
                	<content:text i18n-id="08_phrase23">Falling Plates</content:text>
                </content:button>
            </content:paragraph>
            </content:paragraph>
            
              <content:paragraph>
                <content:text i18n-id="08_phrase10">You can find other short films to watch and share at the Jesus Film Project®. https://www.JesusFilm.org/watch.html

Under each video, there are discussion questions to help you continue your conversation with someone.

These short films are also available in the Jesus Film Project® app.</content:text>
            </content:paragraph>
            <content:paragraph>
             <content:paragraph>
                <content:button type="url" url-i18n-id="08_phrase30" icon="Vectorexitlink-white-2.png" icon-gravity="end" color="rgba(59,164,219,1)" url="https://www.jesusfilm.org/watch/conversation-starters.html/english.html">
                    
                	<content:text i18n-id="08_phrase24">Short films</content:text>
                </content:button>
            </content:paragraph>
            </content:paragraph>
        </card>
<card>
            <label>
                <content:text i18n-id="08_phrase11" text-color="rgba(59,164,219,1)">Offer to pray for someone</content:text>
            </label>
            <content:paragraph>
                <content:text i18n-id="08_phrase12">Being a loving presence in someone’s life is sometimes what helps people become more open to spiritual things.</content:text>
            </content:paragraph>
             <content:paragraph>
                <content:text i18n-id="08_phrase13">As you live your everyday life, be aware of those around you and how you can express care for them. As God leads you, offer to pray for someone.</content:text>
            </content:paragraph>
             <content:paragraph>
                <content:text i18n-id="08_phrase14">Example prayer: “I’m glad we got to talk today. You’ve got a lot going on right now. Would it be OK with you if I took a minute now to pray for you?”</content:text>
                <content:image resource="TeachMetoShare_07_Pray.png"/>
            </content:paragraph>
        </card>
        <card>
            <label>
                <content:text i18n-id="08_phrase15" text-color="rgba(59,164,219,1)">Ask the “sometime” question</content:text>
            </label>
            <content:paragraph>
                <content:text i18n-id="08_phrase16">You know God is working in the life of every person. This question allows you to express your interest in knowing more about the spiritual part of someone’s life. Consider asking this:</content:text>
            </content:paragraph>
             <content:paragraph>
                <content:text i18n-id="08_phrase17">“Sometime I’d like to hear about your spiritual journey. Would you be open to that?”</content:text>
            </content:paragraph>
             <content:paragraph>
                <content:text i18n-id="08_phrase18">If you’re uncomfortable with the phrase “spiritual journey,” substitute it for something else. Options include “what you think about God” or “your faith background” or “your experience with Christianity.”

Set a time and have the conversation. </content:text>
                 
            </content:paragraph>
           
        </card>
<card>
            <label>
                <content:text i18n-id="08_phrase19" text-color="rgba(59,164,219,1)">Share an article</content:text>
            </label>
           <content:paragraph>
                <content:text i18n-id="08_phrase20">There is a tool in the GodTools app called “Questions About God.” It contains articles about common questions people ask about God, Jesus and life. You can use the share icon in the top right of any article to post it on social media or to text it to a friend.

You can also find these articles and others at EveryStudent.com.</content:text>
            </content:paragraph>
             <content:paragraph>
                <content:text i18n-id="08_phrase21">Say something like, “I read this article and thought of you. I’d love to hear your thoughts on it.”</content:text>
                <content:image resource="TeachMetoShare_07_Share2.png"/>
            </content:paragraph>
        </card>


    </cards>
     <call-to-action control-color="rgba(90,90,90,1)">
        <content:text i18n-id="08_phrase22">God, let's go!</content:text>
    </call-to-action>
    
</page>
