<?xml version="1.0" encoding="UTF-8"?>
<page xmlns="https://mobile-content-api.cru.org/xmlns/tract" xmlns:content="https://mobile-content-api.cru.org/xmlns/content" background-image="8new@2x-min.jpg" background-image-scale-type="fill">
   
     <hero>
        <heading>
            <content:text i18n-id="1805b08e-3baf-4991-a1a9-9dfc5d73c782" text-scale="1.3" text-color="rgba(90,90,90,1)">Which tool should I use?</content:text>
        </heading>
         <content:paragraph>
                <content:text i18n-id="90339f42-a893-4f95-8505-caa83f42670f">The GodTools app has different tools for different purposes. Five of the tools (described below) are specifically designed to help you share the gospel. Choose one and become familiar with it.

Each tool explains the concepts clearly. Follow along and use the questions included in each tool. Trust the Holy Spirit to do his work of changing someone’s heart.</content:text>
            </content:paragraph>
    </hero>
    <cards>
        <card>
            <label>
                <content:text i18n-id="36563594-d7ad-42f8-ad48-4a1e2dbb9dde" text-color="rgba(59,164,219,1)">Knowing God Personally</content:text>
            </label>
            <content:paragraph>
                <content:text i18n-id="3f455cbf-8a0e-4eeb-9c3a-6ee7ac1035c3">This tool has original artwork illustrating four main points of the gospel message. The language and tone are informal.</content:text>
            </content:paragraph>
            <content:paragraph>
  <content:image resource="KGP_HeaderSm2.jpeg" restrictTo="mobile"/>
</content:paragraph>
        </card>
        <card>
            <label>
                <content:text i18n-id="c8792e4b-d68a-4c70-b00f-e045f82962f5" text-color="rgba(59,164,219,1)">Four Spiritual Laws</content:text>
            </label>
            <content:paragraph>
                <content:text i18n-id="1ece60ff-ca51-46f5-9102-718d75f360ab">This is the original gospel-sharing tool that Cru® developed. It has been updated with watercolor images.</content:text>
            </content:paragraph>
              <content:paragraph>
                <content:text i18n-id="06b36b13-2bc8-4445-9d7e-f77eb048001a">The concept of this tool is that just as there are physical laws that govern the physical universe, so are there spiritual laws governing your relationship with God.</content:text>
            </content:paragraph>
             <content:paragraph>
  <content:animation resource="4SL Header.json" restrictTo="mobile"/>
</content:paragraph>
        </card>
        
<card>
            <label>
                <content:text i18n-id="cf7c276b-9f17-4124-89ba-96f952f0b9a5" text-color="rgba(59,164,219,1)">THE FOUR</content:text>
            </label>
            <content:paragraph>
                <content:text i18n-id="a3748f52-ac5a-4007-a9f3-e5f1846b8a07">This tool was developed in Europe. It uses four symbols (heart, division sign, cross and question mark) to illustrate the gospel message in a visual way.

This tool contains the fewest words.

Videos of the message are available on TheFour.com.</content:text>
            </content:paragraph>
             <content:paragraph>
  <content:image resource="t4_copyrightcover.jpg" restrictTo="mobile"/>
</content:paragraph>
        </card>
<!-- removing this with 6.0
<card>
            <label>
                <content:text i18n-id="e80bbc35-ce8d-40cb-af6e-ef83dee030f1" text-color="rgba(59,164,219,1)"></content:text>
            </label>
            <content:paragraph>
                <content:text i18n-id="241ca1a4-2bd2-4dff-b0fa-00d03539947b"></content:text>
            </content:paragraph>
             <content:paragraph>
  <content:image resource="kgpusgt_tmts.jpg" restrictTo="mobile"/>
</content:paragraph>
        </card>
       -->
<card>
            <label>
                <content:text i18n-id="9875463c-279a-4f53-9a14-1b1eea8725b3" text-color="rgba(59,164,219,1)">Honor Restored</content:text>
            </label>
           <content:paragraph>
                <content:text i18n-id="48fa95f0-adf0-4d51-8561-6bca7cb69b12">This tool explores how the gospel provides an answer to feelings of shame and isolation, and to our need for restoration. It connects well with people from cultures that have a strong emphasis on the concept of honor.</content:text>
            </content:paragraph>
             <content:paragraph>
  <content:image resource="honor-restore-lg.jpeg" restrictTo="mobile"/>
</content:paragraph>
        </card>
        
        <card>
            <label>
                <content:text i18n-id="04_phrase10" text-color="rgba(59,164,219,1)">Power Over Fear</content:text>
            </label>
           <content:paragraph>
                <content:text i18n-id="04_phrase11">This tool is designed for discussing Jesus with people who come from cultures where talk of spirits and forces is more normal. The message is intended to connect with those who live in fear of spiritual forces and who long for peace.</content:text>
            </content:paragraph>
             <content:paragraph>
  <content:image resource="PowerFearSm.jpeg" restrictTo="mobile"/>
</content:paragraph>
        </card>
       

    </cards>
     <call-to-action control-color="rgba(59,164,219,1)">
        <content:text i18n-id="9c3844f0-570d-4091-be8a-fec2b9904afa">I've got my tool!</content:text>
    </call-to-action>
   
</page>
