<?xml version="1.0" encoding="UTF-8"?>
<page xmlns="https://mobile-content-api.cru.org/xmlns/tract" xmlns:content="https://mobile-content-api.cru.org/xmlns/content" background-image="3tmts-say.jpg" background-image-scale-type="fill">
   
     <hero>
        <heading>
            <content:text i18n-id="79137ad3-b3e5-4169-b732-7ce9704037fa" text-scale="1.3" text-color="rgba(90,90,90,1)">What do I say?</content:text>
        </heading>
         <content:paragraph>
                <content:text i18n-id="909664e3-d666-4797-b5e8-e7ad62183931">Speak from a humble posture, express a desire to talk about spiritual things and ask if they are willing to have that kind of conversation.</content:text>
            </content:paragraph>
              <content:paragraph>
                <content:text i18n-id="3fa837b5-ebd3-4415-ae76-c0605bd25fc0">Below you’ll find some examples for how to start conversations with different types of people. You do not have to follow any of our examples word for word. Pick one and practice it with a friend.

These examples refer to using the GodTools app. But you can use whatever content you feel most comfortable with.</content:text>
            </content:paragraph>
    </hero>
    <cards>
        <card>
            <label>
                <content:text i18n-id="50f5e0ee-9f9b-41e8-bbb2-5290d53e9377" text-color="rgba(59,164,219,1)">A co-worker</content:text>
            </label>
            <content:paragraph>
                <content:text i18n-id="098d8a7d-36d6-4048-b89d-993449d8b74e">Meet Simon. Simon has had several brief spiritual conversations with his co-worker David. David seemed pretty interested, but Simon has never been able to clearly explain his own beliefs.</content:text>
            </content:paragraph>
            <content:paragraph>
                <content:text i18n-id="8c314352-94aa-4b6b-911c-53a537e617d0">“Hey David, I’ve really enjoyed our conversations. Could I share a little more with you about what I believe? I have this app on my phone that helps me explain it well. Can we look at it together at lunch today?”</content:text>
            </content:paragraph>
             <content:paragraph>
                     <content:image resource="Coworker_1.0gt_tmts.png" restrictTo="mobile"/>
                </content:paragraph>
                <content:paragraph>
                <content:image resource="Coworker_1.1.png" restrictTo="web"/>
                </content:paragraph>
        </card>
        <card>
            <label>
                <content:text i18n-id="0ff077c7-47b9-42b8-a679-cf46765ab22d" text-color="rgba(59,164,219,1)">Friend and family</content:text>
            </label>
            <content:paragraph>
                <content:text i18n-id="e4e7ef67-9fd6-4d56-ba41-8fb9a71547f9">Meet Sarah. She cares so much about her brother, but does not really know what he thinks about God.</content:text>
            </content:paragraph>
              <content:paragraph>
                <content:text i18n-id="577232ff-8580-4aac-a426-4f81600448fe">“Hey Paul, I know you know that God is really important in my life. But I would love to know what you think about him. Would you be willing to share with me?” (Paul shares.)</content:text>
            </content:paragraph>
              <content:paragraph>
                <content:text i18n-id="e4663059-4c05-4250-bd81-4ad1d3bec1af">Sarah replies, “Thanks so much for sharing that with me. I have this great app that explains really clearly what I believe. Would you be willing to look at it with me and tell me what you think about what it says?”</content:text>
            </content:paragraph>
             <content:paragraph>
                     <content:image resource="family_1.0gt_tmts.png" restrictTo="mobile"/>
                </content:paragraph>
                <content:paragraph>
                <content:image resource="family_1.1.png" restrictTo="web"/>
                </content:paragraph>
        </card>
<card>
            <label>
                <content:text i18n-id="59199be8-87a0-4803-8172-7d551a89a848" text-color="rgba(59,164,219,1)">A spiritually interested person</content:text>
            </label>
            <content:paragraph>
                <content:text i18n-id="b51af0d2-6dcf-469f-8966-cc840b4e6204">Meet Jose. Jose has a feeling that his friend Monica is interested in spiritual things. </content:text>
            </content:paragraph>
              <content:paragraph>
                <content:text i18n-id="0b223fc6-a121-40a7-86d1-44fb50cbfdb5">“Hey Monica, I’ve been thinking lately — it seems like you are curious about spiritual things. I have an app on my phone that shares a bit about the Bible. I’d love to share it with you sometime and hear what you think.”</content:text>
            </content:paragraph>
              <content:paragraph>
                <content:text i18n-id="9d48fbb2-f385-4557-9af9-8d4b18f12418">Or:</content:text>
            </content:paragraph>
              <content:paragraph>
                <content:text i18n-id="83fee44f-9009-4488-a8ad-47c8e70e0eb7">“Knowing God in a personal way has really changed my life. I know there’s a lot of thoughts out there about what it means to be a Christian, but for me it’s all about having a relationship with Jesus. I have an app on my phone that helps me explain what that means. It would mean a lot to me if I could share that with you. Would that be okay?”</content:text>
            </content:paragraph>
             <content:paragraph>
                <content:image resource="Spiritually_interested_1.0gt_tmts.png" restrictTo="mobile"/>
                </content:paragraph>
                <content:paragraph>
                <content:image resource="Spiritually_interested_1.1.png" restrictTo="web"/>
                </content:paragraph>
        </card>
<card>
            <label>
                <content:text i18n-id="60735331-74a0-490e-8a25-a7c577999a17" text-color="rgba(59,164,219,1)">A group outreach event</content:text>
            </label>
            <content:paragraph>
                <content:text i18n-id="401f8a6d-9d31-4c58-a4ee-861f10eb24fb">Today we are talking with people about what it means to have a personal relationship with God. Is that something you’ve thought about? I have an app on my phone that makes it easy to talk about this. May I share it with you?</content:text>
            </content:paragraph>
             <content:paragraph>
                     <content:image resource="Group_outreach_event_1.0gt_tmts.png" restrictTo="mobile"/>
                </content:paragraph>
                <content:paragraph>
                <content:image resource="Group_outreach_event_1.1.png" restrictTo="web"/>
                </content:paragraph>
        </card>
<card>
            <label>
                <content:text i18n-id="26245a7a-7097-4145-bbec-db93d17bf31e" text-color="rgba(59,164,219,1)">Others to try</content:text>
            </label>
           <content:paragraph>
                <content:text i18n-id="216bc9f1-1816-462b-a60e-11edee0a44ec">After sharing a bit of your story: “At that time in my life, my friend shared with me how to know God in a personal way. Would you be interested in hearing a bit about that? I’d love to hear your thoughts.”</content:text>
            </content:paragraph>
              <content:paragraph>
                <content:text i18n-id="47bfc398-bcd9-486c-ad9e-258487590d31">“I found this app I like that talks about knowing God. I want to share what it says with you because I care about you. We’ve never had this conversation before, but I’ve wanted to. Can I show you what I’m talking about?”</content:text>
            </content:paragraph>
             <content:paragraph>
                     <content:image resource="Others_to_try_1.0gt_tmts.png" restrictTo="mobile"/>
                </content:paragraph>
                <content:paragraph>
                <content:image resource="Others_to_try_1.1.png" restrictTo="web"/>
                </content:paragraph>
              <content:paragraph>
                <content:text i18n-id="cb0295bf-3242-4e3e-a31a-1905f7b240eb">I realize that I've never told you what I believe, and I'd really like to share that with you. I have an app that helps me explain my faith. Can I share it with you?</content:text>
            </content:paragraph>
              <content:paragraph>
                <content:text i18n-id="d907ce8c-0d4f-46d9-82dd-6df8bf29ab5a">"If you could know God in a personal way, would you want to?" (Yes.) "I'd love to share with you how you can and you can let me know what you think."</content:text>
            </content:paragraph>
        </card>

    </cards>
     <call-to-action control-color="rgba(90,90,90,1)">
        <content:text i18n-id="bde04ebf-828f-4836-874f-b264364be2ae">Now, I have some ideas.</content:text>
    </call-to-action>
   
</page>
