<?xml version="1.0" encoding="UTF-8"?>
<page xmlns="https://mobile-content-api.cru.org/xmlns/tract" xmlns:analytics="https://mobile-content-api.cru.org/xmlns/analytics" xmlns:content="https://mobile-content-api.cru.org/xmlns/content" background-image="0.1.jpg" background-image-scale-type="fill">
  <hero>
    <heading>
      <content:text i18n-id="f2ef2f8b-e2c2-4dea-9495-42100bbc52a7" text-color="rgba(255,255,255,1)" text-scale="1.3">How do I share my faith? </content:text>
    </heading>
   
    <content:paragraph>
      <content:image resource="WebTMTS00.png" restrictTo="web"/>
    </content:paragraph>
  </hero>
  <call-to-action control-color="rgba(255,255,255,1)">
    <content:text/>
  </call-to-action>
</page>
