<?xml version="1.0" encoding="UTF-8"?>
<page xmlns="https://mobile-content-api.cru.org/xmlns/tract" xmlns:content="https://mobile-content-api.cru.org/xmlns/content" background-image="4tmts-whichtool.jpg" background-image-scale-type="fill">
    <hero>
        <heading>
            <content:text i18n-id="9499f56c-b104-4647-bcdb-c2f91ae35282" text-scale="1.3" text-color="rgba(90,90,90,1)">How do I get started?</content:text>
        </heading>
        <content:paragraph>
            <content:text i18n-id="9d245521-ac37-4291-83a7-9adda178d23d" text-scale="1.2">Remember: God is with you</content:text>
        </content:paragraph>
    </hero>
    <cards>
        <card>
            <label>
                <content:text i18n-id="c1270640-76e2-4c7b-bfc2-9f404bc4e786" text-color="rgba(59,164,219,1)">Focus on God</content:text>
            </label>
            <content:paragraph>
                <content:text i18n-id="69de04e5-efdb-4f33-8c54-0e2d4a8fad5a">Sharing your faith starts with God.

He created us, he loves us, and we respond to his love by sharing his good news with others. He is the one who changes hearts. He invites us to be his ambassadors and to help people understand who he is.</content:text>
            </content:paragraph>
            <content:paragraph>
                <content:text i18n-id="2cba851d-66b1-4343-b95b-5dd4ac8e194a">So begin with a faith-filled focus on God. Depend on him as you have conversations and listen for guidance from the Holy Spirit.</content:text>
            </content:paragraph>
            <content:paragraph>
                <content:image resource="Focus_on_God_1.0gt_tmts.png" restrictTo="mobile"/>
                <content:image resource="Focus_on_God_1.1.png" restrictTo="web"/>
            </content:paragraph>
                            
            <content:paragraph>
                <content:text i18n-id="b28d45f1-30cc-4c92-a827-72246741d0f4" text-color="rgba(59,164,219,1)">"Publish his glorious deeds among the nations. Tell everyone about the amazing things he does."
1 Chronicles 16:24</content:text>
            </content:paragraph>
            <content:paragraph>
                <content:text i18n-id="08ad0a4a-16d3-4dd2-ad71-352acbf0029c" text-color="rgba(59,164,219,1)">"But when the Father sends the Advocate as my representative—that is, the Holy Spirit—he will teach you everything and will remind you of everything I have told you."
John 14:26</content:text>
            </content:paragraph>
        </card>
        <card>
            <label>
                <content:text i18n-id="fa2bc301-00e5-49a5-99c1-211d73b99f81" text-color="rgba(59,164,219,1)">Pray</content:text>
            </label>
            <content:paragraph>
                <content:text i18n-id="517e4bc0-ec59-4f74-b6af-4364fe94fdab">Talk with God about your desire to have conversations about the gospel. And talk with him about the people he puts on your heart to talk with.</content:text>
                          </content:paragraph>
                           <content:paragraph>
                     <content:image resource="Pray_1.0gt_tmts.png" restrictTo="mobile"/>
                </content:paragraph>
                <content:paragraph>
                <content:image resource="Pray_1.1.png" restrictTo="web"/>
                </content:paragraph>
                          <content:paragraph>
                <content:text i18n-id="3e1b636d-6709-45ef-9dd2-1aff66ad2ef1">Dear God,</content:text>
                          </content:paragraph>
                          <content:paragraph>
                <content:text i18n-id="c7c10d45-c8e7-4ef4-8a6f-940b2aa6517e">I praise you! You are wonderful. Please use me to demonstrate your love and talk about it with others.

Help me to see people the way you see them. Give me the words to say so others might come to understand the good news of Jesus.

I trust you to work in hearts and open eyes. May we clearly see how much we need you.

Thanks that I have nothing to fear because you are with me.

Amen.</content:text>
                          </content:paragraph>
                          <content:paragraph>
                <content:text i18n-id="42553004-8060-4f26-bf2e-d19b388953e7" text-color="rgba(59,164,219,1)">"Pray for us, too, that God will give us many opportunities to speak about his mysterious plan concerning Christ. That is why I am here in chains." Colossians 4:3</content:text>
                          </content:paragraph>
        </card>
<card>
    <label>
         <content:text i18n-id="dad38b93-b5d1-40e7-bdee-bfa4073a86b5" text-color="rgba(59,164,219,1)">Define success</content:text>
    </label>
     <content:paragraph>
                <content:text i18n-id="d26e01fd-361e-479b-a8d9-5259adf1cb23">Successfully sharing your faith is not about making someone believe. It’s taking the initiative to share the gospel in the power of the Holy Spirit and leaving the results to God.</content:text>
                          </content:paragraph>
</card>

    </cards>
<call-to-action control-color="rgba(90,90,90,1)">
        <content:text i18n-id="de8e8858-6f02-4a01-9f98-bf27887e8d0e">God, You've got this!</content:text>
    </call-to-action>
</page>
