<?xml version="1.0" encoding="UTF-8"?>
<page xmlns="https://mobile-content-api.cru.org/xmlns/tract" xmlns:content="https://mobile-content-api.cru.org/xmlns/content" background-image="1tmts.jpg" background-image-scale-type="fill">
    <hero>
        
       <content:paragraph>
            <content:image resource="WebTMTS01.png" restrictTo="web"/>
       </content:paragraph>
        <content:paragraph>
            <content:text i18n-id="28662265-659f-4666-bca9-baa46cbe0b85" text-color="rgba(90,90,90,1)" text-scale="1.2">Whether it's the first time or the 20th time, we know that sharing your faith can bring feelings of uncertainty and anxiety. How do I begin?  How will they respond? Will I say the right thing? </content:text>
        </content:paragraph>
         <content:paragraph>
            <content:text i18n-id="e8e42fcb-ecee-4a12-89b1-b790b1c0ed2a" text-color="rgba(90,90,90,1)" text-scale="1.2">As you go through Teach Me to Share, you’ll learn how to get started in having these important conversations.</content:text>
           
        </content:paragraph>
        
    </hero>
     <call-to-action control-color="rgba(90,90,90,1)">
        <content:text i18n-id="2fec20e5-a518-4093-b5b7-78ffbc7beb5b">I'm in!</content:text>
    </call-to-action>
    
</page>
