<?xml version="1.0" encoding="UTF-8"?>
<page xmlns="https://mobile-content-api.cru.org/xmlns/tract" xmlns:content="https://mobile-content-api.cru.org/xmlns/content" xmlns:analytics="https://mobile-content-api.cru.org/xmlns/analytics" background-image="7tmts-ready.jpg" background-image-scale-type="fill">
    <hero>
        <heading>
            <content:text i18n-id="5b289aaa-a130-4782-b5e4-9c1132e48bc2" text-scale="1.3" text-color="rgba(90,90,90,1)">You can do this!</content:text>
        </heading>
    
 <content:paragraph>
                <content:text i18n-id="e9e8d09c-836f-4798-b01b-8f0e5aa8bc78">Your next step is to ask God for an opportunity today.</content:text>
            </content:paragraph>
           
            <content:paragraph>
                <content:text i18n-id="d15da33d-5392-4910-9152-0a462920ffb4">Let us know how it goes by emailing support@godtoolsapp.com.</content:text>
            </content:paragraph>
            <content:paragraph>
                <content:text i18n-id="f7dfb798-dffc-4329-a083-28ea3d618755">“... How beautiful are the feet of messengers who bring good news!” Romans 10:15</content:text>
            </content:paragraph>
    </hero>
    
   <!-- Custom page inserts this card with button to link to lessons-->
    <cards>
        <card>
            
            <label>
                <content:text i18n-id="b8a8867f-b17f-40a3-a905-a46feba12697" text-color="rgba(59,164,219,1)">Need more help?</content:text>
            </label>
        
            <content:paragraph required-device-type="mobile">
                <content:text i18n-id="ae7fae3d-e375-48e8-98f8-16b634042802">You can continue to learn and grow by visiting GodTools Lessons. Each lesson contains practical tips for having more meaningful conversations with the people you care about. </content:text>
            </content:paragraph>
     
      
            
             <content:paragraph required-device-type="mobile">
            <content:button type="url" url-i18n-id="bc194d26-fbed-4ade-b2fb-d67734c2cbee" color="rgba(59,164,219,1)" url="godtools://org.cru.godtools/dashboard/lessons">
                <content:text i18n-id="bbf6a518-728c-4278-8900-56aaf02a0bfe">Open Lessons</content:text>
                <analytics:events>
                        <analytics:event action="open_lessons_from_tmts" system="firebase">
                        </analytics:event>
                    </analytics:events> 
            </content:button>
        </content:paragraph>
         
            
        </card>
        
        </cards>
    
        
</page>
