<?xml version="1.0"?>
<manifest xmlns="https://mobile-content-api.cru.org/xmlns/manifest" xmlns:content="https://mobile-content-api.cru.org/xmlns/content" text-color="rgba(90,90,90,1)" primary-color="rgba(0,114,147,0)" navbar-color="rgba(0,0,0,0.25)" navbar-control-color="rgba(255,255,255,1)" tool="teachmetoshare" locale="en" type="tract">
    <title>
        <!-- the name variable is from the name_description file in OneSky and needs to be .xml -->
        <content:text i18n-id="name">Teach Me to Share</content:text>
    </title>
    <!-- XML for Shareable content. If using phrases under the image, OneSky phrases should be added to to the name_description.xml file in OneSky. -->
  <items xmlns="https://mobile-content-api.cru.org/xmlns/shareable">
    
    <image resource="TMTS_En_01.jpg">
      
    </image>
    <image resource="TMTS_En_02.jpg">
     
    </image>
     <image resource="TMTS_En_1Corinth.jpg">
     
    </image>
     <image resource="TMTS_En_prayer.jpg">
     
    </image>
    
  </items>
    
<pages><page filename="0_introscreen.xml" src="a763638afbba8fd971310796bfcc3556a3d4623b99963c4ecbef636e6a21e286.xml"/><page filename="01_howtoshare.xml" src="b2afdc6e09f6135927e1b7f0f6819cb74c33c6674ff16e68df3fdfc06e00828c.xml"/><page filename="02_begin.xml" src="b0f940b37846ff18da4fadf8e335b6f13098e6fedf8ac5a921406d9e3ee14b4b.xml"/><page filename="05_keepinmind.xml" src="9d91a318b73184e6cc5c09200d24f87812d5c9161bad1323dd6e729e0378f803.xml"/><page filename="03_Transition.xml" src="a1e423ab4ffc7a1e0616923470f47403a801e1ea93a61f2b6696ffedf76ff404.xml"/><page filename="04_Picktool.xml" src="983f4975749b93bced707988178a1352c3298cbee2e6a836741a6b70cf22b88a.xml"/><page filename="06_anythingelse.xml" src="d3c481772f1bbda4939827bc5e7dc018bea52806bf3f8072144037b5ffe2bba8.xml"/><page filename="08_moretotry.xml" src="8b903b2f98be1c71aa7d5e0b56361f3c0bbb9aa87a0d94da05c6bad21036ab32.xml"/><page filename="07_ready.xml" src="e4c5bdfd176d70013dd9e7ce5aea7d4db25463e948adb314786a555751da8166.xml"/></pages><resources><resource filename="TMTS_En_01.jpg" src="82fb0433b5ff3d2ffcf8c45d74472342f16381e7cee20e5d1c976c043ff62974.jpg"/><resource filename="TMTS_En_02.jpg" src="808552b00d93d63da9dec300e98c72084fd8aaf670e5d3b23097caa0a0464a1e.jpg"/><resource filename="TMTS_En_1Corinth.jpg" src="87900597616caa26bfdb62ad157d179a8ce3d285b61f76534bd06434b27ac93e.jpg"/><resource filename="TMTS_En_prayer.jpg" src="da7db014ee5c5e38346e1fae583f018465e9efb1353172198629f98a171828ff.jpg"/><resource filename="0.1.jpg" src="78e507b11903f4832b7213353e259517c907bd21c0a4a616250de2a52cfa7d5b.jpg"/><resource filename="WebTMTS00.png" src="7933be52e8d054d9942f159fd2a7dcaeb9a331ca21b028d37cab13fd3b53a14e.png"/><resource filename="1tmts.jpg" src="8debacbc3bc1f6051fddd7d91a352de7544fe2586751f27e2f7a6a4661fc8e68.jpg"/><resource filename="WebTMTS01.png" src="193482f994b7914c0235bc56d25a6aa3696b1895528934559e3a0010a2c5dd23.png"/><resource filename="4tmts-whichtool.jpg" src="bda6da9a847dd6e3d2e5292d99e139b0efe6c55a0b389cbb8b4cade3e63a52fc.jpg"/><resource filename="Focus_on_God_1.0gt_tmts.png" src="f0ba78fc23416b7b2d0453894b90a844a9388a656551345de0421c1372f0a10e.png"/><resource filename="Focus_on_God_1.1.png" src="673880024589be2a658191a7f7706ca6273eb1ef26a3de9b84e01d151dc7389e.png"/><resource filename="Pray_1.0gt_tmts.png" src="859f90d59c41d464aad87884746ccae7facbe40d72b74523bc0fe57d01101425.png"/><resource filename="Pray_1.1.png" src="2844489545196d2fdb34bed76fabfd9b8978f3862aca0c1cd73e69e872bee0bb.png"/><resource filename="5tmts-goodexperience.jpg" src="c9c77c6626acd4d2b21772955fc80f8ef32a25b5f28059f734c7a6c105546f3a.jpg"/><resource filename="3tmts-say.jpg" src="9f495e4a3cffe65c3e7e8181436f081ab2cb4f2b1532183f614df7275adcc421.jpg"/><resource filename="Coworker_1.0gt_tmts.png" src="04a0c458d6be2a0d987c949a4e1c704bbfca942b231d3d95e5cf59eb01b2d5ad.png"/><resource filename="Coworker_1.1.png" src="2b117959de4065b6c53c349cdef676d341f68ed391a6ce0d3cfd4f1a4daae9cd.png"/><resource filename="family_1.0gt_tmts.png" src="4b3151c442595a8c8c609c4ca90092f905e0a8f0e26d58c61e294ed72241f3f5.png"/><resource filename="family_1.1.png" src="035fec3b1b8ffe66b05bd566be49cea4cfcc50aa69ca796f63f750a87433c24b.png"/><resource filename="Spiritually_interested_1.0gt_tmts.png" src="6cdd8c63e71cc1a3b3c68e1ca388229c8d94019f985eb3b1a3ceea1b242a8d67.png"/><resource filename="Spiritually_interested_1.1.png" src="9ab7c42c8049919da8928966d725c508b7ddaf3ac76635144c16f6a904eca658.png"/><resource filename="Group_outreach_event_1.0gt_tmts.png" src="670ad34798f9ea917fc7253de3f7b27c15878cd6aa41d086766cf1f41bdd4a89.png"/><resource filename="Group_outreach_event_1.1.png" src="c725773a52fd9402c1c360104a0e527d4e0a457c3a65a6debf9114cc5551b9d0.png"/><resource filename="Others_to_try_1.0gt_tmts.png" src="b1800b37cf316575a77fd4331421ad1ac6fb623309ec2ace8502445e775c226f.png"/><resource filename="Others_to_try_1.1.png" src="87be3ae1e8757270bb56eace7a72b6b2afb65478a65b1ed94ff9c413c85eaf96.png"/><resource filename="8new@2x-min.jpg" src="bf507c58d97db5de6585480c4c8b040aa6c3e7d4ea0ef7d71cc7300acf4bdb02.jpg"/><resource filename="KGP_HeaderSm2.jpeg" src="6945a5d4e06fc12a6fc21cd860550d477fad536d3617adcfc3a364509ce05227.jpeg"/><resource filename="4SL Header.json" src="61f8499c5052b09bae9295a7e45887958bb948edbba8299cef36aa9b0d063e08.json"/><resource filename="t4_copyrightcover.jpg" src="efb009f33fcc563fcb8faea6ada36f50afd4cf6a27e8e16ae49c6f3462d82762.jpg"/><resource filename="honor-restore-lg.jpeg" src="b4900744097516af33360df14463642a4df02854ab44dffbcd372aee511c492d.jpeg"/><resource filename="PowerFearSm.jpeg" src="e66c40518b6629270481255471dfe689295eb550c3f689bd929aaf8c6c251cba.jpeg"/><resource filename="6tmts-whatelse.jpg" src="969c87a1f71d15f094e23eada8f88286ff6f1fb7c560c6b894fb07fa238ce01c.jpg"/><resource filename="swipeup2.png" src="6d9741ceef1c643d624a4a7e2c7cd89ab30fedf7895b232f297a1578d22a3f95.png"/><resource filename="tooloptions-circle.png" src="2f2e5b9668b1b0166ee5e5b95286491232d8f43fb7d94f64e66e1ebaabd616f9.png"/><resource filename="didyoupraythisprayergt_tmts.jpg" src="5527450b44ef6c1f4b576f1b36463c373b444a05b883e741bcceb1d61009c4f7.jpg"/><resource filename="didyoupraythisprayer - desktop@2x-min.jpg" src="4c5cab922549ab0360d1ab6415a9fa2fc1aa69ccc0d797c147cb00cc011d28d7.jpg"/><resource filename="Screen Share.json" src="0c12523558d952d6995e9434521c3693e5b3fdd907465935153f142697ee2e6f.json"/><resource filename="OptOnboaring_ToolTip.json" src="8be9e89ead80e412a5c0fcd052cb1ae413b97d126e1526dc6c4f4dc68f703860.json"/><resource filename="2tmts.jpg" src="dc2c254d9f80cffee63c7a912fbf6f8f5cc30ffc154ea2bfb76e8503810506c5.jpg"/><resource filename="Vectorexitlink-white-2.png" src="9c6189b545d077dbe4b64d74191e00cc2d40343d51b8d80a05661739429ecd00.png"/><resource filename="TeachMetoShare_07_Pray.png" src="cb9d64a27b731cbff8fac8ff7dfe61917ee7e47dd95fae64deb9fed1e23b1b5f.png"/><resource filename="TeachMetoShare_07_Share2.png" src="6f9979a44a695517748bfc0af171434f68819933ec68a5284330e6db11e37163.png"/><resource filename="7tmts-ready.jpg" src="7189cbf353da0de9ca67427c63f3ab4dd272c565cb0dc1ec67a226b4f58decda.jpg"/></resources></manifest>
