<?xml version="1.0"?>
<manifest xmlns="https://mobile-content-api.cru.org/xmlns/manifest" xmlns:content="https://mobile-content-api.cru.org/xmlns/content" primary-color="rgba(59,164,219,1)" primary-text-color="rgba(255,255,255,1)" text-color="rgba(255,255,255,1)" navbar-color="rgba(0,0,0,0.12)" navbar-control-color="rgba(255,255,255,1)">
    <title>
        <content:text i18n-id="name">Satisfied?</content:text>
    </title>
<pages><page filename="1.xml" src="4e3ac85a92c9916f00133ecc7277c57229ed708525472dfbbfe60cc7462a8d62.xml"/><page filename="2.xml" src="27e980b2c15ad1a277f00eafc896c08753c957db7f3624705adb4a9e8b3af28b.xml"/><page filename="3.xml" src="e3846cf766525a50dc46ef03c88c0bc053f658390954a41f55394bd0eee4026a.xml"/><page filename="4.xml" src="16e40c09210278d43a70ff3502fe4391ed67efda55080c0be5c9bec983a988c4.xml"/><page filename="5.xml" src="f13da714a5716e84235687719b3e6f22c89f1ab67c84c4731bd4005cdcca8efa.xml"/><page filename="6.xml" src="0ea33bf52fa051926fd6606496b1c6f485b0849f97951c50c37f491ecf84a1ad.xml"/><page filename="7.xml" src="0127be3e8c91b646a67832ae2b25d8132ee753f2377d9e7a50d14f35e5f6903a.xml"/><page filename="8.xml" src="cc2df0f157ed82433590282b11dd496d346d0a8488b34c7e6698f7d44d21c1d5.xml"/></pages><resources><resource filename="dry_lake_bed.jpg" src="3d369a1d8b2df92e69294a696c06e98dcc588190d0f4af6e4c6c3b02dc3708db"/><resource filename="dry_lake_bed_dark.jpg" src="a2193396d0acde245f53ec2ef10b46961863d9d6673b2826e27912a8717929fc"/><resource filename="satisfied-tract-bkg-image-0_1x.jpg" src="21b747d4300725cd1f0612a85dfcc80a5b23d1d407385ecfa2fb476cf44cd600"/><resource filename="satisfied-tract-bkg-image-1_1x.jpg" src="2c96f60c1a265bea9f459e1b434aef95ce56c170d8487b683d097415bdb3f8a2"/><resource filename="satisfied-tract-bkg-image-2_1x.jpg" src="878f0cf441ece0e5bf979e13a593f4b96126dd9755e9600566699d010fc29eaf"/><resource filename="satisfied-tract-bkg-image-3_1x.jpg" src="e598a167ff30e390a31d21f276b20828cfdb101ffbbd2bd3c721db087fddff5d"/><resource filename="satisfied-tract-bkg-image-4_1x.jpg" src="a3a4be34f22e3b661e878a8ec7e442d1a5f27af216f586396e252c1fa3cf0c5a"/><resource filename="satisfied-tract-bkg-image-5_1x.jpg" src="bd2b29b0d1da0f3d11a6a001dafc0e550e4361261de4eedc0721932c1b9519d8"/><resource filename="satisfied-tract-bkg-image-6_1x.jpg" src="f1db298aa161f1a548cbe36025533ff4e4c4266c21dc7f59bb08f8574ea4d298"/><resource filename="satisfied-tract-bkg-image-7_1x.jpg" src="43c29299d7ba72ddd1e5238e060dafdff0c3efada71604ab989124d2d7e2936a"/></resources></manifest>
